term.id,-,term.name,term.units,term.synonyms,term.definition,term.wikipedia,term.website,term.hsCode,term.defaultProperties.0.term.id,term.defaultProperties.0.key.id,term.defaultProperties.0.min,term.defaultProperties.0.value,term.defaultProperties.0.max,term.defaultProperties.1.term.id,term.defaultProperties.1.key.id,term.defaultProperties.1.min,term.defaultProperties.1.value,term.defaultProperties.1.max,term.defaultProperties.2.term.id,term.defaultProperties.2.key.id,term.defaultProperties.2.value,term.defaultProperties.3.term.id,term.defaultProperties.3.key.id,term.defaultProperties.3.value,term.defaultProperties.4.term.id,term.defaultProperties.4.key.id,term.defaultProperties.4.value,term.defaultProperties.5.term.id,term.defaultProperties.5.key.id,term.defaultProperties.5.value,term.defaultProperties.6.term.id,term.defaultProperties.6.key.id,term.defaultProperties.6.value,term.defaultProperties.7.term.id,term.defaultProperties.7.key.id,term.defaultProperties.7.value,term.defaultProperties.8.term.id,term.defaultProperties.8.key.id,term.defaultProperties.8.value,term.defaultProperties.9.term.id,term.defaultProperties.9.key.id,term.defaultProperties.9.value,lookups.0.name,lookups.0.value,lookups.0.min,lookups.0.max,lookups.0.source,lookups.0.dataState,lookups.1.name,lookups.1.value,lookups.1.min,lookups.1.max,lookups.1.source,lookups.1.dataState,lookups.2.name,lookups.2.value,lookups.2.min,lookups.2.max,lookups.2.source,lookups.2.dataState,lookups.3.name,lookups.3.value,lookups.3.source,lookups.3.dataState,lookups.4.name,lookups.4.value,lookups.4.source,lookups.4.dataState,lookups.5.name,lookups.5.value,lookups.5.source,lookups.5.dataState,lookups.6.name,lookups.6.value,lookups.6.source,lookups.6.notes,lookups.6.dataState,lookups.7.name,lookups.7.value,lookups.7.source,lookups.7.dataState,lookups.8.name,lookups.8.value,lookups.8.source,lookups.8.dataState,lookups.9.name,lookups.9.value,lookups.9.source,lookups.9.dataState,lookups.10.name,lookups.10.value,lookups.10.dataState,lookups.11.name,lookups.11.value,lookups.11.dataState,lookups.12.name,lookups.12.value,lookups.12.dataState,lookups.13.name,lookups.13.value,lookups.13.dataState
euronatureP26B,euronature P26B,Euronature P26B,kg,"Euronatur P 26 B; Euronatur P26B, Euronature P 26 B",-,-,-,-,-,-,-,-,-,-,-,-,-,-,-,-,-,-,-,-,-,-,-,-,-,-,-,-,-,-,-,-,-,-,-,-,-,-,nitrogenContent,-,-,-,-,not required,phosphateContentAsP2O5,26,-,-,-,complete,potassiumContentAsK2O,-,-,-,-,not required,sulphurContent,-,-,not required,magnesiumOxideContent,-,-,not required,calciumOxideContent,42,-,complete,boronContent,-,-,-,not required,copperContent,-,-,not required,manganeseContent,-,-,not required,zincContent,-,-,not required,magnesiumContent,-,not required,ironContent,-,not required,skipAggregation,TRUE,complete,generateImpactAssessment,FALSE,complete
lyderisN25S3,lyderis N25 + S3,Lyderis N25 + S3,kg,Lyderis 25 + S3,-,-,-,-,-,-,-,-,-,-,-,-,-,-,-,-,-,-,-,-,-,-,-,-,-,-,-,-,-,-,-,-,-,-,-,-,-,-,nitrogenContent,25,-,-,https://sezonas.com/pr/lyderis-n25-s3/,complete,phosphateContentAsP2O5,-,-,-,-,not required,potassiumContentAsK2O,-,-,-,-,not required,sulphurContent,3,https://sezonas.com/pr/lyderis-n25-s3/,complete,magnesiumOxideContent,-,-,not required,calciumOxideContent,-,-,not required,boronContent,-,-,-,not required,copperContent,-,-,not required,manganeseContent,-,-,not required,zincContent,-,-,not required,magnesiumContent,-,not required,ironContent,-,not required,skipAggregation,TRUE,complete,generateImpactAssessment,FALSE,complete
patentkali,patentkali,Patentkali,kg,K2SO4·MgSO 4; Potassium Sulphate with Sulphur and Magnesium; Sulphate of Potash with Sulphur and Magnesium; Potassium Sulfate with Sulfur and Magnesium; Sulfate of Potash with Sulfur and Magnesium,-,https://nl.wikipedia.org/wiki/Patentkali,-,3104.30,-,-,-,-,-,-,-,-,-,-,-,-,-,-,-,-,-,-,-,-,-,-,-,-,-,-,-,-,-,-,-,-,-,-,nitrogenContent,-,-,-,-,not required,phosphateContentAsP2O5,-,-,-,-,not required,potassiumContentAsK2O,30,-,-,-,complete,sulphurContent,17,-,complete,magnesiumOxideContent,10,-,complete,calciumOxideContent,-,-,not required,boronContent,-,-,-,not required,copperContent,-,-,not required,manganeseContent,-,-,not required,zincContent,-,-,not required,magnesiumContent,-,not required,ironContent,-,not required,skipAggregation,TRUE,complete,generateImpactAssessment,FALSE,complete
yaravitaBortrac150,yaravita Bortrac 150,YaraVita BORTRAC 150,kg,-,-,-,https://www.yara.co.uk/crop-nutrition/fertiliser/yaravita-foliar-nutrition/yaravita-bortrac-150/,-,-,-,-,-,-,-,-,-,-,-,-,-,-,-,-,-,-,-,-,-,-,-,-,-,-,-,-,-,-,-,-,-,-,-,nitrogenContent,-,-,-,-,not required,phosphateContentAsP2O5,-,-,-,-,not required,potassiumContentAsK2O,-,-,-,-,not required,sulphurContent,-,-,not required,magnesiumOxideContent,-,-,not required,calciumOxideContent,-,-,not required,boronContent,15,https://www.yara.co.uk/crop-nutrition/fertiliser/yaravita-foliar-nutrition/yaravita-bortrac-150/,The product contains 150 g/L of boron (15% w/w assuming density = 1 kg/L).,complete,copperContent,-,-,not required,manganeseContent,-,-,not required,zincContent,-,-,not required,magnesiumContent,-,not required,ironContent,-,not required,skipAggregation,TRUE,complete,generateImpactAssessment,FALSE,complete
enebe301010,enebe® 30-10-10,ENEBE® 30-10-10,kg,-,-,-,https://www.antoniotarazona.com/producto/agricultura/nutricionales/inhibicion/enebe/enebe-30-10-10/,-,-,-,-,-,-,-,-,-,-,-,-,-,-,-,-,-,-,-,-,-,-,-,-,-,-,-,-,-,-,-,-,-,-,-,nitrogenContent,30,-,-,-,complete,phosphateContentAsP2O5,10,-,-,-,complete,potassiumContentAsK2O,10,-,-,-,complete,sulphurContent,-,-,not required,magnesiumOxideContent,-,-,not required,calciumOxideContent,-,-,not required,boronContent,-,-,-,not required,copperContent,-,-,not required,manganeseContent,-,-,not required,zincContent,-,-,not required,magnesiumContent,-,not required,ironContent,-,not required,skipAggregation,TRUE,complete,generateImpactAssessment,FALSE,complete
cocofeed03020,cocofeed 0-30-20,Cocofeed 0-30-20,kg,-,-,-,-,-,-,-,-,-,-,-,-,-,-,-,-,-,-,-,-,-,-,-,-,-,-,-,-,-,-,-,-,-,-,-,-,-,-,-,nitrogenContent,-,-,-,-,not required,phosphateContentAsP2O5,30,-,-,https://www.worldcocoafoundation.org/wp-content/uploads/files_mf/1476296665ACIIInputCoverageAssessmentGhanaSeptember2012.pdf (Table 1),complete,potassiumContentAsK2O,20,-,-,https://www.worldcocoafoundation.org/wp-content/uploads/files_mf/1476296665ACIIInputCoverageAssessmentGhanaSeptember2012.pdf (Table 1),complete,sulphurContent,-,-,not required,magnesiumOxideContent,-,-,not required,calciumOxideContent,-,-,not required,boronContent,-,-,-,not required,copperContent,-,-,not required,manganeseContent,-,-,not required,zincContent,-,-,not required,magnesiumContent,-,not required,ironContent,-,not required,skipAggregation,TRUE,complete,generateImpactAssessment,FALSE,complete
asaaseWura,asaase Wura,Asaase Wura,kg,Asaasewura,-,-,https://www.yara.com.gh/crop-nutrition/fertilisers/other-fertilisers/asaase-wura/,-,-,-,-,-,-,-,-,-,-,-,-,-,-,-,-,-,-,-,-,-,-,-,-,-,-,-,-,-,-,-,-,-,-,-,nitrogenContent,-,-,-,-,not required,phosphateContentAsP2O5,22,-,-,https://www.yara.com.gh/crop-nutrition/fertilisers/other-fertilisers/asaase-wura/,complete,potassiumContentAsK2O,18,-,-,https://www.yara.com.gh/crop-nutrition/fertilisers/other-fertilisers/asaase-wura/,complete,sulphurContent,7,https://www.yara.com.gh/crop-nutrition/fertilisers/other-fertilisers/asaase-wura/,complete,magnesiumOxideContent,6,https://www.yara.com.gh/crop-nutrition/fertilisers/other-fertilisers/asaase-wura/,complete,calciumOxideContent,9,https://www.yara.com.gh/crop-nutrition/fertilisers/other-fertilisers/asaase-wura/,complete,boronContent,-,-,-,not required,copperContent,-,-,not required,manganeseContent,-,-,not required,zincContent,-,-,not required,magnesiumContent,-,not required,ironContent,-,not required,skipAggregation,TRUE,complete,generateImpactAssessment,FALSE,complete
yaraliva™Nitrabor™,yaraliva™ Nitrabor™,YaraLiva™ NITRABOR™,kg,-,-,-,https://www.yara.com.gh/crop-nutrition/fertilisers/yaraliva/yaraliva-nitrabor/,-,-,-,-,-,-,-,-,-,-,-,-,-,-,-,-,-,-,-,-,-,-,-,-,-,-,-,-,-,-,-,-,-,-,-,nitrogenContent,15.4,-,-,https://www.yara.com.gh/crop-nutrition/fertilisers/yaraliva/yaraliva-nitrabor/,complete,phosphateContentAsP2O5,-,-,-,-,not required,potassiumContentAsK2O,-,-,-,-,not required,sulphurContent,-,-,not required,magnesiumOxideContent,-,-,not required,calciumOxideContent,26,https://www.yara.com.gh/crop-nutrition/fertilisers/yaraliva/yaraliva-nitrabor/,complete,boronContent,0.3,https://www.yara.com.gh/crop-nutrition/fertilisers/yaraliva/yaraliva-nitrabor/,-,complete,copperContent,-,-,not required,manganeseContent,-,-,not required,zincContent,-,-,not required,magnesiumContent,-,not required,ironContent,-,not required,skipAggregation,TRUE,complete,generateImpactAssessment,FALSE,complete
cocoaMaster,cocoa Master,Cocoa Master,kg,-,-,-,-,-,-,-,-,-,-,-,-,-,-,-,-,-,-,-,-,-,-,-,-,-,-,-,-,-,-,-,-,-,-,-,-,-,-,-,nitrogenContent,1,-,-,https://www.worldcocoafoundation.org/wp-content/uploads/files_mf/1476296665ACIIInputCoverageAssessmentGhanaSeptember2012.pdf (Table 1),complete,phosphateContentAsP2O5,21,-,-,https://www.worldcocoafoundation.org/wp-content/uploads/files_mf/1476296665ACIIInputCoverageAssessmentGhanaSeptember2012.pdf (Table 1),complete,potassiumContentAsK2O,19,-,-,https://www.worldcocoafoundation.org/wp-content/uploads/files_mf/1476296665ACIIInputCoverageAssessmentGhanaSeptember2012.pdf (Table 1),complete,sulphurContent,6,https://www.worldcocoafoundation.org/wp-content/uploads/files_mf/1476296665ACIIInputCoverageAssessmentGhanaSeptember2012.pdf (Table 1),complete,magnesiumOxideContent,6,https://www.worldcocoafoundation.org/wp-content/uploads/files_mf/1476296665ACIIInputCoverageAssessmentGhanaSeptember2012.pdf (Table 1),complete,calciumOxideContent,9,https://www.worldcocoafoundation.org/wp-content/uploads/files_mf/1476296665ACIIInputCoverageAssessmentGhanaSeptember2012.pdf (Table 1),complete,boronContent,1,https://www.worldcocoafoundation.org/wp-content/uploads/files_mf/1476296665ACIIInputCoverageAssessmentGhanaSeptember2012.pdf (Table 1),-,complete,copperContent,-,-,not required,manganeseContent,-,-,not required,zincContent,-,-,not required,magnesiumContent,-,not required,ironContent,-,not required,skipAggregation,TRUE,complete,generateImpactAssessment,FALSE,complete
sidalcoBalanced,sidalco Balanced,Sidalco Balanced,kg,Sidalco 10-10-10; Sidalco 10:10:10,-,-,-,-,-,-,-,-,-,-,-,-,-,-,-,-,-,-,-,-,-,-,-,-,-,-,-,-,-,-,-,-,-,-,-,-,-,-,nitrogenContent,10,-,-,https://agritrop.cirad.fr/554227/,complete,phosphateContentAsP2O5,10,-,-,https://agritrop.cirad.fr/554227/,complete,potassiumContentAsK2O,10,-,-,https://agritrop.cirad.fr/554227/,complete,sulphurContent,-,-,not required,magnesiumOxideContent,1,https://agritrop.cirad.fr/554227/,complete,calciumOxideContent,-,-,not required,boronContent,-,-,-,not required,copperContent,-,-,not required,manganeseContent,-,-,not required,zincContent,-,-,not required,magnesiumContent,-,not required,ironContent,-,not required,skipAggregation,TRUE,complete,generateImpactAssessment,FALSE,complete
sidalcoNitrogenRich,sidalco Nitrogen Rich ,Sidalco Nitrogen Rich ,kg,Sidalco 20-2-4; Sidalco 20:2:4,-,-,-,-,-,-,-,-,-,-,-,-,-,-,-,-,-,-,-,-,-,-,-,-,-,-,-,-,-,-,-,-,-,-,-,-,-,-,nitrogenContent,20,-,-,https://agritrop.cirad.fr/554227/,complete,phosphateContentAsP2O5,2,-,-,https://agritrop.cirad.fr/554227/,complete,potassiumContentAsK2O,4,-,-,https://agritrop.cirad.fr/554227/,complete,sulphurContent,-,-,not required,magnesiumOxideContent,-,,not required,calciumOxideContent,-,-,not required,boronContent,-,-,-,not required,copperContent,-,-,not required,manganeseContent,-,-,not required,zincContent,-,-,not required,magnesiumContent,-,not required,ironContent,-,not required,skipAggregation,TRUE,complete,generateImpactAssessment,FALSE,complete
sidalcoPotassiumRich,sidalco Potassium Rich,Sidalco Potassium Rich,kg,Sidalco 6-0-20; Sidalco 6:0:20,-,-,-,-,-,-,-,-,-,-,-,-,-,-,-,-,-,-,-,-,-,-,-,-,-,-,-,-,-,-,-,-,-,-,-,-,-,-,nitrogenContent,6,-,-,https://agritrop.cirad.fr/554227/,complete,phosphateContentAsP2O5,-,-,-,-,not required,potassiumContentAsK2O,20,-,-,https://agritrop.cirad.fr/554227/,complete,sulphurContent,-,-,not required,magnesiumOxideContent,1,https://agritrop.cirad.fr/554227/,complete,calciumOxideContent,-,-,not required,boronContent,-,-,-,not required,copperContent,-,-,not required,manganeseContent,-,-,not required,zincContent,-,-,not required,magnesiumContent,-,not required,ironContent,-,not required,skipAggregation,TRUE,complete,generateImpactAssessment,FALSE,complete
lokomotive,lokomotive®,Lokomotive®,kg,2-0-25 Potassium Acetate,-,-,https://www.lovelandproducts.com/product/lokomotive,-,-,-,-,-,-,-,-,-,-,-,-,-,-,-,-,-,-,-,-,-,-,-,-,-,-,-,-,-,-,-,-,-,-,-,nitrogenContent,2,-,-,https://www.lovelandproducts.com/product/lokomotive,complete,phosphateContentAsP2O5,-,-,-,-,not required,potassiumContentAsK2O,25,-,-,https://www.lovelandproducts.com/product/lokomotive,complete,sulphurContent,-,-,not required,magnesiumOxideContent,-,-,not required,calciumOxideContent,-,-,not required,boronContent,-,-,-,not required,copperContent,-,-,not required,manganeseContent,-,-,not required,zincContent,-,-,not required,magnesiumContent,-,not required,ironContent,-,not required,skipAggregation,TRUE,complete,generateImpactAssessment,FALSE,complete
borosol10,borosol® 10,Borosol® 10,kg,-,-,-,https://getgrowingwithnutrien.ag/micronutrients/?tab=borosol#Boron,-,-,-,-,-,-,-,-,-,-,-,-,-,-,-,-,-,-,-,-,-,-,-,-,-,-,-,-,-,-,-,-,-,-,-,nitrogenContent,-,-,-,-,not required,phosphateContentAsP2O5,-,-,-,-,not required,potassiumContentAsK2O,-,-,-,-,not required,sulphurContent,-,-,not required,magnesiumOxideContent,-,-,not required,calciumOxideContent,-,-,not required,boronContent,10,https://getgrowingwithnutrien.ag/micronutrients/?tab=borosol#Boron,-,complete,copperContent,-,-,not required,manganeseContent,-,-,not required,zincContent,-,-,not required,magnesiumContent,-,not required,ironContent,-,not required,skipAggregation,TRUE,complete,generateImpactAssessment,FALSE,complete
polysulphate,polysulphate®,Polysulphate®,kg,-,"A multi-nutrient fertiliser mined in the UK, containing sulphur (S), potassium (K), calcium (Ca) and magnesium (Mg) in water-soluble, plant available forms.",-,https://www.originfertilisers.co.uk/our-range/efficiency-fertilisers/polysulphate/,-,-,-,-,-,-,-,-,-,-,-,-,-,-,-,-,-,-,-,-,-,-,-,-,-,-,-,-,-,-,-,-,-,-,-,nitrogenContent,-,-,-,-,not required,phosphateContentAsP2O5,-,-,-,-,not required,potassiumContentAsK2O,14,-,-,https://www.originfertilisers.co.uk/our-range/efficiency-fertilisers/polysulphate/,complete,sulphurContent,19.2,https://www.originfertilisers.co.uk/our-range/efficiency-fertilisers/polysulphate/,complete,magnesiumOxideContent,6,https://www.originfertilisers.co.uk/our-range/efficiency-fertilisers/polysulphate/,complete,calciumOxideContent,17,https://www.originfertilisers.co.uk/our-range/efficiency-fertilisers/polysulphate/,complete,boronContent,-,-,-,not required,copperContent,-,-,not required,manganeseContent,-,-,not required,zincContent,-,-,not required,magnesiumContent,-,not required,ironContent,-,not required,skipAggregation,TRUE,complete,generateImpactAssessment,FALSE,complete
zetaminol,zetaminol,Zetaminol,kg,-,"A multi-nutrient fertiliser containing 6% free aminoacids obtained from bacterial fermentation, 18% N, 11% P205, and 18% K2O.",-,-,-,-,-,-,-,-,-,-,-,-,-,-,-,-,-,-,-,-,-,-,-,-,-,-,-,-,-,-,-,-,-,-,-,-,-,nitrogenContent,18,-,-,https://www.syngenta.pt/product/crop-protection/nutriente/zetaminol,complete,phosphateContentAsP2O5,11,-,-,https://www.syngenta.pt/product/crop-protection/nutriente/zetaminol,complete,potassiumContentAsK2O,18,-,-,https://www.syngenta.pt/product/crop-protection/nutriente/zetaminol,complete,sulphurContent,-,-,not required,magnesiumOxideContent,3,https://www.syngenta.pt/product/crop-protection/nutriente/zetaminol,complete,calciumOxideContent,-,-,not required,boronContent,0.6,https://www.syngenta.pt/product/crop-protection/nutriente/zetaminol,-,complete,copperContent,0.08,https://www.syngenta.pt/product/crop-protection/nutriente/zetaminol,complete,manganeseContent,0.08,https://www.syngenta.pt/product/crop-protection/nutriente/zetaminol,complete,zincContent,0.08,https://www.syngenta.pt/product/crop-protection/nutriente/zetaminol,complete,magnesiumContent,-,not required,ironContent,-,not required,skipAggregation,TRUE,complete,generateImpactAssessment,FALSE,complete
npkBaraka3203S9Ca3Mg1,"npk Baraka 32:0:3, S: 9, Ca: 3, Mg: 1","NPK Baraka 32:0:3, S: 9, Ca: 3, Mg: 1",kg,-,-,-,-,-,-,-,-,-,-,-,-,-,-,-,-,-,-,-,-,-,-,-,-,-,-,-,-,-,-,-,-,-,-,-,-,-,-,-,nitrogenContent,32,-,-,-,complete,phosphateContentAsP2O5,0,-,-,-,complete,potassiumContentAsK2O,3,-,-,-,complete,sulphurContent,9,-,complete,magnesiumOxideContent,1,-,complete,calciumOxideContent,3,-,complete,boronContent,-,-,-,not required,copperContent,-,-,not required,manganeseContent,-,-,not required,zincContent,-,-,not required,magnesiumContent,-,not required,ironContent,-,not required,skipAggregation,TRUE,complete,generateImpactAssessment,FALSE,complete
npkYaramilaComplex121118Mg265S199Zn002B0015,"npk Yaramila Complex 12:11:18, Mg: 265, S: 199, Zn: 002, B: 0015","NPK Yaramila complex 12:11:18, Mg: 2.65, S: 19.9, Zn: 0.02, B: 0.015",kg,-,-,-,-,-,-,-,-,-,-,-,-,-,-,-,-,-,-,-,-,-,-,-,-,-,-,-,-,-,-,-,-,-,-,-,-,-,-,-,nitrogenContent,12,-,-,-,complete,phosphateContentAsP2O5,11,-,-,-,complete,potassiumContentAsK2O,18,-,-,-,complete,sulphurContent,19.9,-,complete,magnesiumOxideContent,2.65,-,complete,calciumOxideContent,-,-,not required,boronContent,0.015,-,-,complete,copperContent,-,-,not required,manganeseContent,-,-,not required,zincContent,0.02,-,complete,magnesiumContent,-,not required,ironContent,-,not required,skipAggregation,TRUE,complete,generateImpactAssessment,FALSE,complete
npkYaramilaPower132412S4Mg1Zn001,"npk Yaramila Power 13:24:12, S: 4, Mg: 1, Zn: 001","NPK Yaramila Power 13:24:12, S: 4, Mg: 1, Zn: 0.01",kg,-,-,-,-,-,-,-,-,-,-,-,-,-,-,-,-,-,-,-,-,-,-,-,-,-,-,-,-,-,-,-,-,-,-,-,-,-,-,-,nitrogenContent,13,-,-,-,complete,phosphateContentAsP2O5,24,-,-,-,complete,potassiumContentAsK2O,12,-,-,-,complete,sulphurContent,4,-,complete,magnesiumOxideContent,1,-,complete,calciumOxideContent,-,-,not required,boronContent,-,-,-,not required,copperContent,-,-,not required,manganeseContent,-,-,not required,zincContent,0.01,-,complete,magnesiumContent,-,not required,ironContent,-,not required,skipAggregation,TRUE,complete,generateImpactAssessment,FALSE,complete
npkEtgFalcon2555S5,"npk Etg Falcon 25:5:5, S: 5","NPK ETG Falcon 25:5:5, S: 5",kg,-,-,-,-,-,-,-,-,-,-,-,-,-,-,-,-,-,-,-,-,-,-,-,-,-,-,-,-,-,-,-,-,-,-,-,-,-,-,-,nitrogenContent,25,-,-,-,complete,phosphateContentAsP2O5,5,-,-,-,complete,potassiumContentAsK2O,5,-,-,-,complete,sulphurContent,5,-,complete,magnesiumOxideContent,-,-,not required,calciumOxideContent,-,-,not required,boronContent,-,-,-,not required,copperContent,-,-,not required,manganeseContent,-,-,not required,zincContent,-,-,not required,magnesiumContent,-,not required,ironContent,-,not required,skipAggregation,TRUE,complete,generateImpactAssessment,FALSE,complete
npkSolaiVermiCompost251525,npk Solai Vermi Compost 25:15:25,NPK Solai Vermi Compost 2.5:1.5:2.5,kg,-,-,-,-,-,-,-,-,-,-,-,-,-,-,-,-,-,-,-,-,-,-,-,-,-,-,-,-,-,-,-,-,-,-,-,-,-,-,-,nitrogenContent,2.5,-,-,-,complete,phosphateContentAsP2O5,1.5,-,-,-,complete,potassiumContentAsK2O,2.5,-,-,-,complete,sulphurContent,-,-,not required,magnesiumOxideContent,-,-,not required,calciumOxideContent,-,-,not required,boronContent,-,-,-,not required,copperContent,-,-,not required,manganeseContent,-,-,not required,zincContent,-,-,not required,magnesiumContent,-,not required,ironContent,-,not required,skipAggregation,TRUE,complete,generateImpactAssessment,FALSE,complete
npkYaramilaWinner15920Mg18S95B0015Mn002Zn002,"npk Yaramila Winner 15:9:20, Mg: 18, S: 95, B: 0015, Mn: 002, Zn: 002","NPK Yaramila Winner 15:9:20, Mg: 1.8, S: 9.5, B: 0.015, Mn: 0.02, Zn: 0.02",kg,-,-,-,-,-,-,-,-,-,-,-,-,-,-,-,-,-,-,-,-,-,-,-,-,-,-,-,-,-,-,-,-,-,-,-,-,-,-,-,nitrogenContent,15,-,-,-,complete,phosphateContentAsP2O5,9,-,-,-,complete,potassiumContentAsK2O,20,-,-,-,complete,sulphurContent,9.5,-,complete,magnesiumOxideContent,1.8,-,complete,calciumOxideContent,-,-,not required,boronContent,-,-,-,not required,copperContent,-,-,not required,manganeseContent,0.02,-,complete,zincContent,0.02,-,complete,magnesiumContent,-,not required,ironContent,-,not required,skipAggregation,TRUE,complete,generateImpactAssessment,FALSE,complete
npkYaraSuperPk02030,npk Yara Super Pk 0:20:30,NPK Yara Super PK 0:20:30,kg,-,-,-,-,-,-,-,-,-,-,-,-,-,-,-,-,-,-,-,-,-,-,-,-,-,-,-,-,-,-,-,-,-,-,-,-,-,-,-,nitrogenContent,-,-,-,-,not required,phosphateContentAsP2O5,20,-,-,-,complete,potassiumContentAsK2O,30,-,-,-,complete,sulphurContent,-,,not required,magnesiumOxideContent,-,-,not required,calciumOxideContent,-,-,not required,boronContent,-,-,-,not required,copperContent,-,-,not required,manganeseContent,-,-,not required,zincContent,-,-,not required,magnesiumContent,-,not required,ironContent,-,not required,skipAggregation,TRUE,complete,generateImpactAssessment,FALSE,complete
npkYaramila52S21812S65,"npk Yaramila 52 S 21:8:12, S: 65 ","NPK Yaramila 52 S 21:8:12, S: 6.5 ",kg,-,-,-,-,-,-,-,-,-,-,-,-,-,-,-,-,-,-,-,-,-,-,-,-,-,-,-,-,-,-,-,-,-,-,-,-,-,-,-,nitrogenContent,20.6,-,-,-,complete,phosphateContentAsP2O5,8.2,-,-,-,complete,potassiumContentAsK2O,11.6,-,-,-,complete,sulphurContent,6.5,-,complete,magnesiumOxideContent,-,-,not required,calciumOxideContent,-,-,not required,boronContent,-,-,-,not required,copperContent,-,-,not required,manganeseContent,-,-,not required,zincContent,-,-,not required,magnesiumContent,-,not required,ironContent,-,not required,skipAggregation,TRUE,complete,generateImpactAssessment,FALSE,complete
npkYaramilaSulphurCut22414S75,"npk Yaramila Sulphur Cut 22:4:14, S: 75","NPK Yaramila Sulphur Cut 22:4:14, S: 7.5",kg,-,-,-,-,-,-,-,-,-,-,-,-,-,-,-,-,-,-,-,-,-,-,-,-,-,-,-,-,-,-,-,-,-,-,-,-,-,-,-,nitrogenContent,22,-,-,-,complete,phosphateContentAsP2O5,4,-,-,-,complete,potassiumContentAsK2O,14,-,-,-,complete,sulphurContent,7.5,-,complete,magnesiumOxideContent,-,-,not required,calciumOxideContent,-,-,not required,boronContent,-,-,-,not required,copperContent,-,-,not required,manganeseContent,-,-,not required,zincContent,-,-,not required,magnesiumContent,-,not required,ironContent,-,not required,skipAggregation,TRUE,complete,generateImpactAssessment,FALSE,complete
npkYaramilaSilageBooster20515S75,"npk Yaramila Silage Booster 20:5:15, S: 75","NPK Yaramila Silage Booster 20:5:15, S: 7.5",kg,-,-,-,-,-,-,-,-,-,-,-,-,-,-,-,-,-,-,-,-,-,-,-,-,-,-,-,-,-,-,-,-,-,-,-,-,-,-,-,nitrogenContent,20,-,-,-,complete,phosphateContentAsP2O5,4.5,-,-,-,complete,potassiumContentAsK2O,14.5,-,-,-,complete,sulphurContent,7.5,-,complete,magnesiumOxideContent,-,-,not required,calciumOxideContent,-,-,not required,boronContent,-,-,-,not required,copperContent,-,-,not required,manganeseContent,-,-,not required,zincContent,-,-,not required,magnesiumContent,-,not required,ironContent,-,not required,skipAggregation,TRUE,complete,generateImpactAssessment,FALSE,complete
npkYarabelaExtran3400,npk Yarabela Extran 34:0:0,NPK Yarabela Extran 34:0:0,kg,-,-,-,-,-,-,-,-,-,-,-,-,-,-,-,-,-,-,-,-,-,-,-,-,-,-,-,-,-,-,-,-,-,-,-,-,-,-,-,nitrogenContent,33.5,-,-,-,complete,phosphateContentAsP2O5,-,-,-,-,not required,potassiumContentAsK2O,-,-,-,-,not required,sulphurContent,-,-,not required,magnesiumOxideContent,-,-,not required,calciumOxideContent,-,-,not required,boronContent,-,-,-,not required,copperContent,-,-,not required,manganeseContent,-,-,not required,zincContent,-,-,not required,magnesiumContent,-,not required,ironContent,-,not required,skipAggregation,TRUE,complete,generateImpactAssessment,FALSE,complete
npkYaraNew5221811,npk Yara New 52 21:8:11,NPK Yara New 52 21:8:11,kg,-,-,-,-,-,-,-,-,-,-,-,-,-,-,-,-,-,-,-,-,-,-,-,-,-,-,-,-,-,-,-,-,-,-,-,-,-,-,-,nitrogenContent,21,-,-,-,complete,phosphateContentAsP2O5,8,-,-,-,complete,potassiumContentAsK2O,11,-,-,-,complete,sulphurContent,-,-,not required,magnesiumOxideContent,-,-,not required,calciumOxideContent,-,-,not required,boronContent,-,-,-,not required,copperContent,-,-,not required,manganeseContent,-,-,not required,zincContent,-,-,not required,magnesiumContent,-,not required,ironContent,-,not required,skipAggregation,TRUE,complete,generateImpactAssessment,FALSE,complete
canYaralivaNitrabor154N259Cao03Boron,"can Yaraliva Nitrabor 154% N ,259% Cao, 03% Boron","CAN YaraLiva Nitrabor 15.4% N ,25.9% CaO, 0.3% Boron",kg,-,-,-,-,-,-,-,-,-,-,-,-,-,-,-,-,-,-,-,-,-,-,-,-,-,-,-,-,-,-,-,-,-,-,-,-,-,-,-,nitrogenContent,15.4,-,-,-,complete,phosphateContentAsP2O5,-,-,-,-,not required,potassiumContentAsK2O,-,-,-,-,not required,sulphurContent,-,-,not required,magnesiumOxideContent,-,-,not required,calciumOxideContent,0.3,-,complete,boronContent,-,-,-,not required,copperContent,-,-,not required,manganeseContent,-,-,not required,zincContent,-,-,not required,magnesiumContent,-,not required,ironContent,-,not required,skipAggregation,TRUE,complete,generateImpactAssessment,FALSE,complete
npsFanisiMaizeFertilizer132610,nps Fanisi Maize Fertilizer 13:26:10,NPS Fanisi Maize Fertilizer 13:26:10,kg,-,-,-,-,-,-,-,-,-,-,-,-,-,-,-,-,-,-,-,-,-,-,-,-,-,-,-,-,-,-,-,-,-,-,-,-,-,-,-,nitrogenContent,13,-,-,-,complete,phosphateContentAsP2O5,26,-,-,-,complete,potassiumContentAsK2O,10,-,-,-,complete,sulphurContent,-,-,not required,magnesiumOxideContent,-,-,not required,calciumOxideContent,-,-,not required,boronContent,-,-,-,not required,copperContent,-,-,not required,manganeseContent,-,-,not required,zincContent,-,-,not required,magnesiumContent,-,not required,ironContent,-,not required,skipAggregation,TRUE,complete,generateImpactAssessment,FALSE,complete
singletop,singletop,SingleTop,kg,-,-,-,-,-,-,-,-,-,-,-,-,-,-,-,-,-,-,-,-,-,-,-,-,-,-,-,-,-,-,-,-,-,-,-,-,-,-,-,nitrogenContent,27,-,-,-,complete,phosphateContentAsP2O5,-,-,-,-,not required,potassiumContentAsK2O,-,-,-,-,not required,sulphurContent,12,-,complete,magnesiumOxideContent,-,-,not required,calciumOxideContent,-,-,not required,boronContent,-,-,-,not required,copperContent,-,-,not required,manganeseContent,-,-,not required,zincContent,-,-,not required,magnesiumContent,-,not required,ironContent,-,not required,skipAggregation,TRUE,complete,generateImpactAssessment,FALSE,complete
efficient28,efficient28,Efficient28,kg,Efficient 28,-,-,-,-,-,-,-,-,-,-,-,-,-,-,-,-,-,-,-,-,-,-,-,density,-,1260,-,-,-,-,-,-,-,-,-,-,-,-,nitrogenContent,28,-,-,-,complete,phosphateContentAsP2O5,-,-,-,-,not required,potassiumContentAsK2O,-,-,-,-,not required,sulphurContent,-,-,not required,magnesiumOxideContent,-,-,not required,calciumOxideContent,-,-,not required,boronContent,-,-,-,not required,copperContent,-,-,not required,manganeseContent,-,-,not required,zincContent,-,-,not required,magnesiumContent,-,not required,ironContent,-,not required,skipAggregation,TRUE,complete,generateImpactAssessment,FALSE,complete
fielderMagnesiumN,fielder Magnesium+N,Fielder Magnesium+N,kg,Fielder Magnesium + N,-,-,-,-,-,-,-,-,-,-,-,-,-,-,-,-,-,-,-,-,-,-,-,-,-,-,-,-,-,-,-,-,-,-,-,-,-,-,nitrogenContent,6,-,-,-,complete,phosphateContentAsP2O5,-,-,-,-,not required,potassiumContentAsK2O,-,-,-,-,not required,sulphurContent,-,-,not required,magnesiumOxideContent,6,-,complete,calciumOxideContent,-,-,not required,boronContent,-,-,-,not required,copperContent,-,-,not required,manganeseContent,-,-,not required,zincContent,-,-,not required,magnesiumContent,-,not required,ironContent,-,not required,skipAggregation,TRUE,complete,generateImpactAssessment,FALSE,complete
novaMagS,nova Mag-S,Nova Mag-S,kg,ICL Nova Mag-S,0-0-0+16MgO+32SO magnesium sulphate fertiliser,-,-,-,-,-,-,-,-,-,-,-,-,-,-,-,-,-,-,-,-,-,-,-,-,-,-,-,-,-,-,-,-,-,-,-,-,-,nitrogenContent,0,-,-,-,complete,phosphateContentAsP2O5,-,-,-,-,not required,potassiumContentAsK2O,-,-,-,-,not required,sulphurContent,32,https://icl-growingsolutions.com/en-gb/agriculture/products/nova-mag-s/,complete,magnesiumOxideContent,16,https://icl-growingsolutions.com/en-gb/agriculture/products/nova-mag-s/,complete,calciumOxideContent,-,-,not required,boronContent,-,-,-,not required,copperContent,-,-,not required,manganeseContent,-,-,not required,zincContent,-,-,not required,magnesiumContent,-,not required,ironContent,-,not required,skipAggregation,TRUE,complete,generateImpactAssessment,FALSE,complete
tradebor,tradebor,Tradebor,kg,-,"A biostimulant containing boron complexed with ethanolamine. It is used as a foliar fertiliser to prevent and correct boron deficiencies. Unlike other boron-based fertilisers, it is free from sodium.",-,https://tradecorp.it/product/tradebor/,-,-,-,-,-,-,-,-,-,-,-,-,-,-,-,-,-,-,-,-,-,-,-,-,-,-,-,-,-,-,-,-,-,-,-,nitrogenContent,-,-,-,-,not required,phosphateContentAsP2O5,-,-,-,-,not required,potassiumContentAsK2O,-,-,-,-,not required,sulphurContent,-,-,not required,magnesiumOxideContent,-,-,not required,calciumOxideContent,-,-,not required,boronContent,11,-,-,complete,copperContent,-,-,not required,manganeseContent,-,-,not required,zincContent,-,-,not required,magnesiumContent,-,not required,ironContent,-,not required,skipAggregation,TRUE,complete,generateImpactAssessment,FALSE,complete
tecaminMax,tecamin Max,Tecamin Max,kg,-,"A complete biostimulant based on L-amino acids, vitamins and oligosaccharides obtained from substrates of vegetable origin. It can be used as a foliar or radicular fertiliser.",-,https://www.agritecno.es/portfolio/tecamin-max/,-,-,-,-,-,-,-,-,-,-,-,-,-,-,-,-,-,-,-,-,-,-,-,-,-,-,-,-,-,-,-,-,-,-,-,nitrogenContent,7,-,-,-,complete,phosphateContentAsP2O5,-,-,-,-,not required,potassiumContentAsK2O,-,-,-,-,not required,sulphurContent,-,-,not required,magnesiumOxideContent,-,-,not required,calciumOxideContent,-,-,not required,boronContent,-,-,-,not required,copperContent,-,-,not required,manganeseContent,-,-,not required,zincContent,-,-,not required,magnesiumContent,-,not required,ironContent,-,not required,skipAggregation,TRUE,complete,generateImpactAssessment,FALSE,complete
multicutSulphur,multicut Sulphur,Multicut Sulphur,kg,-,-,-,https://www.cfindustries.com/globalassets/cf-industries/media/documents/safety-data-sheets/compounds---uk/sds_multicut_sulphur.pdf,-,-,-,-,-,-,-,-,-,-,-,-,-,-,-,-,-,-,-,-,-,-,-,-,-,-,-,-,-,-,-,-,-,-,-,nitrogenContent,23,-,-,-,complete,phosphateContentAsP2O5,4,-,-,-,complete,potassiumContentAsK2O,13,-,-,-,complete,sulphurContent,7,-,complete,magnesiumOxideContent,-,-,not required,calciumOxideContent,-,-,not required,boronContent,-,-,-,not required,copperContent,-,-,not required,manganeseContent,-,-,not required,zincContent,-,-,not required,magnesiumContent,-,not required,ironContent,-,not required,skipAggregation,TRUE,complete,generateImpactAssessment,FALSE,complete
nitram,nitram,Nitram,kg,-,-,-,https://www.frontierag.co.uk/index.php?option=com_hikashop&ctrl=product&task=show&cid=4&name=nitram&Itemid=&category_pathway=27,-,-,-,-,-,-,-,-,-,-,-,-,-,-,-,-,-,-,-,-,-,-,-,-,-,-,-,-,-,-,-,-,-,-,-,nitrogenContent,34.5,-,-,-,complete,phosphateContentAsP2O5,-,-,-,-,not required,potassiumContentAsK2O,-,-,-,-,not required,sulphurContent,-,-,not required,magnesiumOxideContent,-,-,not required,calciumOxideContent,-,-,not required,boronContent,-,-,-,not required,copperContent,-,-,not required,manganeseContent,-,-,not required,zincContent,-,-,not required,magnesiumContent,-,not required,ironContent,-,not required,skipAggregation,TRUE,complete,generateImpactAssessment,FALSE,complete
lCbfBoost™4032S05Mg,l-Cbf Boost™ 4-0-3-2S-05Mg,L-CBF Boost™ 4-0-3-2S-0.5Mg,kg,LCBF Boost,"A liquid carbon-based fertiliser formulated using filtered cane molasses, with small amounts of urea, ammonium polyphosphate, phosphoric acid, and magnesium sulphate.It contains 30% sugar.",-,https://www.midwesternbioag.com/products/boost/,-,activeIngredient,sugarcaneMolassesKgMass,-,87,-,activeIngredient,ureaKgN,-,1.5015,-,activeIngredient,ammoniumPolyphosphateKgP2O5,0.495,activeIngredient,phosphoricAcidKgP2O5,1.026,activeIngredient,kieserite,5,-,-,-,-,-,-,-,-,-,-,-,-,-,-,-,nitrogenContent,4,-,-,-,complete,phosphateContentAsP2O5,-,-,-,-,not required,potassiumContentAsK2O,3,-,-,-,complete,sulphurContent,2,-,complete,magnesiumOxideContent,-,-,not required,calciumOxideContent,-,-,not required,boronContent,-,-,-,not required,copperContent,-,-,not required,manganeseContent,-,-,not required,zincContent,-,-,not required,magnesiumContent,0.5,complete,ironContent,-,not required,skipAggregation,TRUE,complete,generateImpactAssessment,FALSE,complete
lCbf10141,l-Cbf 10-14-1,L-CBF 10-14-1,kg,LCBF 10-14-1,"A liquid carbon-based fertiliser formulated using filtered cane molasses, with small amounts of urea, ammonium polyphosphate, and phosphoric acid.",-,http://www.midwesternbioag.com/wp-content/uploads/2016/10/Soil-Guide_2016_web.pdf,-,activeIngredient,sugarcaneMolassesKgMass,-,62,-,activeIngredient,ureaKgN,-,3.64,-,activeIngredient,ammoniumPolyphosphateKgP2O5,3.15,activeIngredient,phosphoricAcidKgP2O5,4.86,-,-,-,-,-,-,-,-,-,-,-,-,-,-,-,-,-,-,nitrogenContent,10,-,-,-,complete,phosphateContentAsP2O5,14,-,-,-,complete,potassiumContentAsK2O,1,-,-,-,complete,sulphurContent,-,-,not required,magnesiumOxideContent,-,-,not required,calciumOxideContent,-,-,not required,boronContent,-,-,-,not required,copperContent,-,-,not required,manganeseContent,-,-,not required,zincContent,-,-,not required,magnesiumContent,-,not required,ironContent,-,not required,skipAggregation,TRUE,complete,generateImpactAssessment,FALSE,complete
elona,elona,Elona,kg,-,-,-,https://levitycropscience.com/wp-content/uploads/2021/01/Elona-SDS.pdf,-,activeIngredient,CAS-10377-66-9,10,17.5,25,activeIngredient,CAS-7646-85-7,0,0.5,1,-,-,-,-,-,-,-,-,-,-,-,-,-,-,-,-,-,-,-,-,-,-,-,-,nitrogenContent,-,-,-,-,not required,phosphateContentAsP2O5,-,-,-,-,not required,potassiumContentAsK2O,-,-,-,-,not required,sulphurContent,-,-,not required,magnesiumOxideContent,-,-,not required,calciumOxideContent,-,-,not required,boronContent,-,-,-,not required,copperContent,-,-,not required,manganeseContent,-,-,not required,zincContent,-,-,not required,magnesiumContent,-,not required,ironContent,-,not required,skipAggregation,TRUE,complete,generateImpactAssessment,FALSE,complete
elonaTop,elona Top,Elona Top,kg,-,-,-,https://levitycropscience.com/wp-content/uploads/2021/01/Elona-Mg-Elona-Top-SDS.pdf,-,activeIngredient,CAS-7646-85-7,1,5.5,10,-,-,-,-,-,-,-,-,-,-,-,-,-,-,-,-,-,-,-,-,-,-,-,-,-,-,-,-,-,nitrogenContent,-,-,-,-,not required,phosphateContentAsP2O5,-,-,-,-,not required,potassiumContentAsK2O,-,-,-,-,not required,sulphurContent,-,-,not required,magnesiumOxideContent,-,-,not required,calciumOxideContent,-,-,not required,boronContent,-,-,-,not required,copperContent,-,-,not required,manganeseContent,-,-,not required,zincContent,-,-,not required,magnesiumContent,-,not required,ironContent,-,not required,skipAggregation,TRUE,complete,generateImpactAssessment,FALSE,complete
greenBee,green Bee,Green Bee,kg,-,-,-,-,-,-,-,-,-,-,-,-,-,-,-,-,-,-,-,-,-,-,-,-,-,-,-,-,-,-,-,-,-,-,-,-,-,-,-,nitrogenContent,8,-,-,-,complete,phosphateContentAsP2O5,18,-,-,-,complete,potassiumContentAsK2O,16,-,-,-,complete,sulphurContent,-,-,not required,magnesiumOxideContent,-,-,not required,calciumOxideContent,-,-,not required,boronContent,-,-,-,not required,copperContent,-,-,not required,manganeseContent,-,-,not required,zincContent,-,-,not required,magnesiumContent,-,not required,ironContent,-,not required,skipAggregation,TRUE,complete,generateImpactAssessment,FALSE,complete
granulockZ,granulock® Z,Granulock® Z,kg,-,-,-,https://incitecpivotfertilisers.com.au/~/media/Files/IPF/Brochures/GranulockZ.pdf,-,-,-,-,-,-,-,-,-,-,-,-,-,-,-,-,-,-,-,-,-,-,-,-,-,-,-,-,-,-,-,-,-,-,-,nitrogenContent,11,-,-,-,complete,phosphateContentAsP2O5,49.9,-,-,-,complete,potassiumContentAsK2O,-,-,-,-,not required,sulphurContent,12,-,complete,magnesiumOxideContent,-,-,not required,calciumOxideContent,-,-,not required,boronContent,-,-,-,not required,copperContent,-,-,not required,manganeseContent,-,-,not required,zincContent,-,-,not required,magnesiumContent,-,not required,ironContent,-,not required,skipAggregation,TRUE,complete,generateImpactAssessment,FALSE,complete
granulockSs,granulock® Ss,Granulock® SS,kg,-,-,-,https://incitecpivotfertilisers.com.au/~/media/Files/IPF/Documents/Fact%20Sheets/36%20Granulock%20Fact%20Sheet.pdf,-,-,-,-,-,-,-,-,-,-,-,-,-,-,-,-,-,-,-,-,-,-,-,-,-,-,-,-,-,-,-,-,-,-,-,nitrogenContent,10,-,-,-,complete,phosphateContentAsP2O5,40.1,-,-,-,complete,potassiumContentAsK2O,-,-,-,-,not required,sulphurContent,4,-,complete,magnesiumOxideContent,-,-,not required,calciumOxideContent,-,-,not required,boronContent,-,-,-,not required,copperContent,-,-,not required,manganeseContent,-,-,not required,zincContent,1,-,complete,magnesiumContent,-,not required,ironContent,-,not required,skipAggregation,TRUE,complete,generateImpactAssessment,FALSE,complete
yarabelaAxan,yarabela Axan,YaraBela AXAN,kg,-,Granular nitrate based  nitrogen and sulphur based fertiliser,-,https://www.yara.co.uk/crop-nutrition/fertiliser/nitrate/yarabela-axan/,-,-,-,-,-,-,-,-,-,-,-,-,-,-,-,-,-,-,-,-,-,-,-,-,-,-,-,-,-,-,-,-,-,-,-,nitrogenContent,27,-,-,-,complete,phosphateContentAsP2O5,-,-,-,-,not required,potassiumContentAsK2O,-,-,-,-,not required,sulphurContent,9,-,complete,magnesiumOxideContent,-,-,not required,calciumOxideContent,-,-,not required,boronContent,-,-,-,not required,copperContent,-,-,not required,manganeseContent,-,-,not required,zincContent,-,-,not required,magnesiumContent,-,not required,ironContent,-,not required,skipAggregation,TRUE,complete,generateImpactAssessment,FALSE,complete
yaramila151515,yaramila® 15-15-15,YaraMila® 15-15-15,kg,-,-,-,"https://www.yara.us/crop-nutrition/fertilizer-products/yaramila/yaramila-15-15-15/#:~:text=YaraMila%2015%2D15%2D15%20has,a%20sustained%20delivery%20of%20nitrogen.",-,activeIngredient,npkBlendKgN,-,15,-,activeIngredient,npkBlendKgP2O5,-,15,-,activeIngredient,npkBlendKgK2O,15,-,-,-,-,-,-,-,-,-,-,-,-,-,-,-,-,-,-,-,-,-,nitrogenContent,15,-,-,-,complete,phosphateContentAsP2O5,15,-,-,-,complete,potassiumContentAsK2O,15,-,-,-,complete,sulphurContent,6.1,-,complete,magnesiumOxideContent,-,-,not required,calciumOxideContent,-,-,not required,boronContent,-,-,-,not required,copperContent,-,-,not required,manganeseContent,-,-,not required,zincContent,-,-,not required,magnesiumContent,-,not required,ironContent,-,not required,skipAggregation,TRUE,complete,generateImpactAssessment,FALSE,complete
bunn33N33So3,bunn 33N + 33So3,Bunn 33N + 33SO3,kg,-,-,-,-,-,activeIngredient,ureaKgN,-,22.6,-,activeIngredient,ammoniumSulphateKgN,-,10.4,-,-,-,-,-,-,-,-,-,-,-,-,-,-,-,-,-,-,-,-,-,-,-,-,-,nitrogenContent,33,-,-,-,complete,phosphateContentAsP2O5,-,-,-,-,not required,potassiumContentAsK2O,-,-,-,-,not required,sulphurContent,33,-,complete,magnesiumOxideContent,-,-,not required,calciumOxideContent,-,-,not required,boronContent,-,-,-,not required,copperContent,-,-,not required,manganeseContent,-,-,not required,zincContent,-,-,not required,magnesiumContent,-,not required,ironContent,-,not required,skipAggregation,TRUE,complete,generateImpactAssessment,FALSE,complete
origin33N30So3,origin 33N + 30So3,Origin 33N + 30SO3,kg,-,-,-,https://www.originfertilisers.co.uk/our-range/standard-fertilisers/,-,-,-,-,-,-,-,-,-,-,-,-,-,-,-,-,-,-,-,-,-,-,-,-,-,-,-,-,-,-,-,-,-,-,-,nitrogenContent,33,-,-,-,complete,phosphateContentAsP2O5,-,-,-,-,not required,potassiumContentAsK2O,-,-,-,-,not required,sulphurContent,30,-,complete,magnesiumOxideContent,-,-,not required,calciumOxideContent,-,-,not required,boronContent,-,-,-,not required,copperContent,-,-,not required,manganeseContent,-,-,not required,zincContent,-,-,not required,magnesiumContent,-,not required,ironContent,-,not required,skipAggregation,TRUE,complete,generateImpactAssessment,FALSE,complete
origin38N19So3,origin 38N + 19So3,Origin 38N + 19SO3,kg,-,-,-,https://www.originfertilisers.co.uk/our-range/standard-fertilisers/,-,-,-,-,-,-,-,-,-,-,-,-,-,-,-,-,-,-,-,-,-,-,-,-,-,-,-,-,-,-,-,-,-,-,-,nitrogenContent,38,-,-,-,complete,phosphateContentAsP2O5,-,-,-,-,not required,potassiumContentAsK2O,-,-,-,-,not required,sulphurContent,19,-,complete,magnesiumOxideContent,-,-,not required,calciumOxideContent,-,-,not required,boronContent,-,-,-,not required,copperContent,-,-,not required,manganeseContent,-,-,not required,zincContent,-,-,not required,magnesiumContent,-,not required,ironContent,-,not required,skipAggregation,TRUE,complete,generateImpactAssessment,FALSE,complete
origin40N14So3,origin 40N + 14So3,Origin 40N + 14SO3,kg,-,-,-,https://www.originfertilisers.co.uk/our-range/standard-fertilisers/,-,-,-,-,-,-,-,-,-,-,-,-,-,-,-,-,-,-,-,-,-,-,-,-,-,-,-,-,-,-,-,-,-,-,-,nitrogenContent,40,-,-,-,complete,phosphateContentAsP2O5,-,-,-,-,not required,potassiumContentAsK2O,-,-,-,-,not required,sulphurContent,14,-,complete,magnesiumOxideContent,-,-,not required,calciumOxideContent,-,-,not required,boronContent,-,-,-,not required,copperContent,-,-,not required,manganeseContent,-,-,not required,zincContent,-,-,not required,magnesiumContent,-,not required,ironContent,-,not required,skipAggregation,TRUE,complete,generateImpactAssessment,FALSE,complete
yaravera,yaravera,YaraVera,kg,YaraVera™,-,-,https://www.yara.com/crop-nutrition/our-global-fertilizer-brands/yaravera/,-,-,-,-,-,-,-,-,-,-,-,-,-,-,-,-,-,-,-,-,-,-,-,-,-,-,-,-,-,-,-,-,-,-,-,nitrogenContent,46,-,-,-,complete,phosphateContentAsP2O5,-,-,-,-,not required,potassiumContentAsK2O,-,-,-,-,not required,sulphurContent,-,-,not required,magnesiumOxideContent,-,-,not required,calciumOxideContent,-,-,not required,boronContent,-,-,-,not required,copperContent,-,-,not required,manganeseContent,-,-,not required,zincContent,-,-,not required,magnesiumContent,-,not required,ironContent,-,not required,skipAggregation,TRUE,complete,generateImpactAssessment,FALSE,complete
yarauan,yarauan,YaraUAN,kg,-,-,-,-,-,-,-,-,-,-,-,-,-,-,-,-,-,-,-,-,-,-,-,-,-,-,-,-,-,-,-,-,-,-,-,-,-,-,-,nitrogenContent,30,-,-,-,complete,phosphateContentAsP2O5,-,-,-,-,not required,potassiumContentAsK2O,-,-,-,-,not required,sulphurContent,-,-,not required,magnesiumOxideContent,-,-,not required,calciumOxideContent,-,-,not required,boronContent,-,-,-,not required,copperContent,-,-,not required,manganeseContent,-,-,not required,zincContent,-,-,not required,magnesiumContent,-,not required,ironContent,-,not required,skipAggregation,TRUE,complete,generateImpactAssessment,FALSE,complete
cfDoubletop,cf Doubletop,CF DoubleTop,kg,-,-,-,https://www.cfindustries.com/globalassets/cf-industries/media/documents/safety-data-sheets/nitrogen-sulphur---uk/sds_doubletop.pdf,-,-,-,-,-,-,-,-,-,-,-,-,-,-,-,-,-,-,-,-,-,-,-,-,-,-,-,-,-,-,-,-,-,-,-,nitrogenContent,27,-,-,-,complete,phosphateContentAsP2O5,-,-,-,-,not required,potassiumContentAsK2O,-,-,-,-,not required,sulphurContent,-,-,not required,magnesiumOxideContent,-,-,not required,calciumOxideContent,-,-,not required,boronContent,-,-,-,not required,copperContent,-,-,not required,manganeseContent,-,-,not required,zincContent,-,-,not required,magnesiumContent,-,not required,ironContent,-,not required,skipAggregation,TRUE,complete,generateImpactAssessment,FALSE,complete
cfNkSulphur,cf Nk Sulphur,CF NK Sulphur,kg,-,-,-,-,-,-,-,-,-,-,-,-,-,-,-,-,-,-,-,-,-,-,-,-,-,-,-,-,-,-,-,-,-,-,-,-,-,-,-,nitrogenContent,27,-,-,-,complete,phosphateContentAsP2O5,-,-,-,-,not required,potassiumContentAsK2O,6,-,-,-,complete,sulphurContent,-,-,not required,magnesiumOxideContent,-,-,not required,calciumOxideContent,-,-,not required,boronContent,-,-,-,not required,copperContent,-,-,not required,manganeseContent,-,-,not required,zincContent,-,-,not required,magnesiumContent,-,not required,ironContent,-,not required,skipAggregation,TRUE,complete,generateImpactAssessment,FALSE,complete
cfKaynitroSulphur,cf Kaynitro Sulphur,CF KayNitro Sulphur,kg,-,-,-,-,-,-,-,-,-,-,-,-,-,-,-,-,-,-,-,-,-,-,-,-,-,-,-,-,-,-,-,-,-,-,-,-,-,-,-,nitrogenContent,25,-,-,-,complete,phosphateContentAsP2O5,-,-,-,-,not required,potassiumContentAsK2O,13,-,-,-,complete,sulphurContent,-,-,not required,magnesiumOxideContent,-,-,not required,calciumOxideContent,-,-,not required,boronContent,-,-,-,not required,copperContent,-,-,not required,manganeseContent,-,-,not required,zincContent,-,-,not required,magnesiumContent,-,not required,ironContent,-,not required,skipAggregation,TRUE,complete,generateImpactAssessment,FALSE,complete
cfHeartlandSulphur,cf Heartland Sulphur,CF Heartland Sulphur,kg,-,-,-,https://www.google.com/url?sa=t&rct=j&q=&esrc=s&source=web&cd=&ved=2ahUKEwiJ9YTugeiHAxXkUkEAHXgiJ3sQFnoECBwQAQ&url=https%3A%2F%2Fcalculator.farmcarbontoolkit.org.uk%2Fsites%2Fdefault%2Ffiles%2F2023-09%2FReferences-Farm-Carbon-Calculator-September-2023.xlsx&usg=AOvVaw3aH1AWuoDaU0ife7I-g9kI&opi=89978449,-,-,-,-,-,-,-,-,-,-,-,-,-,-,-,-,-,-,-,-,-,-,-,-,-,-,-,-,-,-,-,-,-,-,-,nitrogenContent,24,-,-,-,complete,phosphateContentAsP2O5,8,-,-,-,complete,potassiumContentAsK2O,8,-,-,-,complete,sulphurContent,8,-,complete,magnesiumOxideContent,-,-,not required,calciumOxideContent,-,-,not required,boronContent,-,-,-,not required,copperContent,-,-,not required,manganeseContent,-,-,not required,zincContent,-,-,not required,magnesiumContent,-,not required,ironContent,-,not required,skipAggregation,TRUE,complete,generateImpactAssessment,FALSE,complete
cfSwardsman,cf Swardsman,CF Swardsman,kg,-,-,-,-,-,-,-,-,-,-,-,-,-,-,-,-,-,-,-,-,-,-,-,-,-,-,-,-,-,-,-,-,-,-,-,-,-,-,-,nitrogenContent,25,-,-,-,complete,phosphateContentAsP2O5,5,-,-,-,complete,potassiumContentAsK2O,5,-,-,-,complete,sulphurContent,-,-,not required,magnesiumOxideContent,-,-,not required,calciumOxideContent,-,-,not required,boronContent,-,-,-,not required,copperContent,-,-,not required,manganeseContent,-,-,not required,zincContent,-,-,not required,magnesiumContent,-,not required,ironContent,-,not required,skipAggregation,TRUE,complete,generateImpactAssessment,FALSE,complete
cf201010,cf 20-10-10,CF 20-10-10,kg,-,-,-,-,-,activeIngredient,npkBlendKgN,-,20,-,activeIngredient,npkBlendKgP2O5,-,10,-,activeIngredient,npkBlendKgK2O,10,-,-,-,-,-,-,-,-,-,-,-,-,-,-,-,-,-,-,-,-,-,nitrogenContent,20,-,-,-,complete,phosphateContentAsP2O5,10,-,-,-,complete,potassiumContentAsK2O,10,-,-,-,complete,sulphurContent,-,-,not required,magnesiumOxideContent,-,-,not required,calciumOxideContent,-,-,not required,boronContent,-,-,-,not required,copperContent,-,-,not required,manganeseContent,-,-,not required,zincContent,-,-,not required,magnesiumContent,-,not required,ironContent,-,not required,skipAggregation,TRUE,complete,generateImpactAssessment,FALSE,complete
originCan,origin Can,Origin CAN,kg,-,-,-,https://www.originfertilisers.co.uk/our-range/standard-fertilisers/,-,-,-,-,-,-,-,-,-,-,-,-,-,-,-,-,-,-,-,-,-,-,-,-,-,-,-,-,-,-,-,-,-,-,-,nitrogenContent,27,-,-,-,complete,phosphateContentAsP2O5,-,-,-,-,not required,potassiumContentAsK2O,-,-,-,-,not required,sulphurContent,-,-,not required,magnesiumOxideContent,-,-,not required,calciumOxideContent,-,-,not required,boronContent,-,-,-,not required,copperContent,-,-,not required,manganeseContent,-,-,not required,zincContent,-,-,not required,magnesiumContent,-,not required,ironContent,-,not required,skipAggregation,TRUE,complete,generateImpactAssessment,FALSE,complete
origin1414217So3002B,origin 14-14-21 + 7So3 + 002B,Origin 14-14-21 + 7SO3 + 0.02B,kg,-,-,-,-,-,activeIngredient,npkBlendKgN,-,14,-,activeIngredient,npkBlendKgP2O5,-,14,-,activeIngredient,npkBlendKgK2O,21,-,-,-,-,-,-,-,-,-,-,-,-,-,-,-,-,-,-,-,-,-,nitrogenContent,14,-,-,-,complete,phosphateContentAsP2O5,14,-,-,-,complete,potassiumContentAsK2O,21,-,-,-,complete,sulphurContent,7,-,complete,magnesiumOxideContent,-,-,not required,calciumOxideContent,-,-,not required,boronContent,0.02,https://calculator.farmcarbontoolkit.org.uk/sites/default/files/Whats-new-for-the-April2024-update-Farm-Carbon-Calculator.pdf,-,complete,copperContent,-,-,not required,manganeseContent,-,-,not required,zincContent,-,-,not required,magnesiumContent,-,not required,ironContent,-,not required,skipAggregation,TRUE,complete,generateImpactAssessment,FALSE,complete
origin1616167So3002B,origin 16-16-16 + 7So3 + 002B,Origin 16-16-16 + 7SO3 + 0.02B,kg,-,-,-,-,-,activeIngredient,npkBlendKgN,-,16,-,activeIngredient,npkBlendKgP2O5,-,16,-,activeIngredient,npkBlendKgK2O,16,-,-,-,-,-,-,-,-,-,-,-,-,-,-,-,-,-,-,-,-,-,nitrogenContent,16,-,-,-,complete,phosphateContentAsP2O5,16,-,-,-,complete,potassiumContentAsK2O,16,-,-,-,complete,sulphurContent,7,-,complete,magnesiumOxideContent,-,-,not required,calciumOxideContent,-,-,not required,boronContent,0.02,https://calculator.farmcarbontoolkit.org.uk/sites/default/files/Whats-new-for-the-April2024-update-Farm-Carbon-Calculator.pdf,-,complete,copperContent,-,-,not required,manganeseContent,-,-,not required,zincContent,-,-,not required,magnesiumContent,-,not required,ironContent,-,not required,skipAggregation,TRUE,complete,generateImpactAssessment,FALSE,complete
origin1010207So3002B,origin 10-10-20 + 7So3 + 002B,Origin 10-10-20 + 7SO3 + 0.02B,kg,-,-,-,-,-,activeIngredient,npkBlendKgN,-,10,-,activeIngredient,npkBlendKgP2O5,-,10,-,activeIngredient,npkBlendKgK2O,20,-,-,-,-,-,-,-,-,-,-,-,-,-,-,-,-,-,-,-,-,-,nitrogenContent,10,-,-,-,complete,phosphateContentAsP2O5,10,-,-,-,complete,potassiumContentAsK2O,20,-,-,-,complete,sulphurContent,7,-,complete,magnesiumOxideContent,-,-,not required,calciumOxideContent,-,-,not required,boronContent,0.02,https://calculator.farmcarbontoolkit.org.uk/sites/default/files/Whats-new-for-the-April2024-update-Farm-Carbon-Calculator.pdf,-,complete,copperContent,-,-,not required,manganeseContent,-,-,not required,zincContent,-,-,not required,magnesiumContent,-,not required,ironContent,-,not required,skipAggregation,TRUE,complete,generateImpactAssessment,FALSE,complete
bunn10182410So3,bunn 10-18-24 + 10So3,Bunn 10-18-24 + 10SO3,kg,-,-,-,-,-,activeIngredient,npkBlendKgN,-,10,-,activeIngredient,npkBlendKgP2O5,-,18,-,activeIngredient,npkBlendKgK2O,24,-,-,-,-,-,-,-,-,-,-,-,-,-,-,-,-,-,-,-,-,-,nitrogenContent,10,-,-,-,complete,phosphateContentAsP2O5,18,-,-,-,complete,potassiumContentAsK2O,24,-,-,-,complete,sulphurContent,10,-,complete,magnesiumOxideContent,-,-,not required,calciumOxideContent,-,-,not required,boronContent,-,-,-,not required,copperContent,-,-,not required,manganeseContent,-,-,not required,zincContent,-,-,not required,magnesiumContent,-,not required,ironContent,-,not required,skipAggregation,TRUE,complete,generateImpactAssessment,FALSE,complete
bunn1313218So3,bunn 13-13-21 + 8So3,Bunn 13-13-21 + 8SO3,kg,-,-,-,-,-,activeIngredient,npkBlendKgN,-,13,-,activeIngredient,npkBlendKgP2O5,-,13,-,activeIngredient,npkBlendKgK2O,21,-,-,-,-,-,-,-,-,-,-,-,-,-,-,-,-,-,-,-,-,-,nitrogenContent,13,-,-,-,complete,phosphateContentAsP2O5,13,-,-,-,complete,potassiumContentAsK2O,21,-,-,-,complete,sulphurContent,8,-,complete,magnesiumOxideContent,-,-,not required,calciumOxideContent,-,-,not required,boronContent,-,-,-,not required,copperContent,-,-,not required,manganeseContent,-,-,not required,zincContent,-,-,not required,magnesiumContent,-,not required,ironContent,-,not required,skipAggregation,TRUE,complete,generateImpactAssessment,FALSE,complete
bunn209975So3,bunn 20-9-9 + 75So3,Bunn 20-9-9 + 7.5SO3,kg,-,-,-,-,-,activeIngredient,npkBlendKgN,-,20,-,activeIngredient,npkBlendKgP2O5,-,9,-,activeIngredient,npkBlendKgK2O,9,-,-,-,-,-,-,-,-,-,-,-,-,-,-,-,-,-,-,-,-,-,nitrogenContent,20,-,-,-,complete,phosphateContentAsP2O5,9,-,-,-,complete,potassiumContentAsK2O,9,-,-,-,complete,sulphurContent,7.5,-,complete,magnesiumOxideContent,-,-,not required,calciumOxideContent,-,-,not required,boronContent,-,-,-,not required,copperContent,-,-,not required,manganeseContent,-,-,not required,zincContent,-,-,not required,magnesiumContent,-,not required,ironContent,-,not required,skipAggregation,TRUE,complete,generateImpactAssessment,FALSE,complete
bunn2401475So3,bunn 24-0-14 + 75So3,Bunn 24-0-14 + 7.5SO3,kg,-,-,-,-,-,activeIngredient,npkBlendKgN,-,24,-,-,-,-,-,-,activeIngredient,npkBlendKgK2O,14,-,-,-,-,-,-,-,-,-,-,-,-,-,-,-,-,-,-,-,-,-,nitrogenContent,24,-,-,-,complete,phosphateContentAsP2O5,-,-,-,-,not required,potassiumContentAsK2O,14,-,-,-,complete,sulphurContent,7.5,-,complete,magnesiumOxideContent,-,-,not required,calciumOxideContent,-,-,not required,boronContent,-,-,-,not required,copperContent,-,-,not required,manganeseContent,-,-,not required,zincContent,-,-,not required,magnesiumContent,-,not required,ironContent,-,not required,skipAggregation,TRUE,complete,generateImpactAssessment,FALSE,complete
bunn27N30So3,bunn 27N + 30So3,Bunn 27N + 30SO3,kg,-,-,-,-,-,-,-,-,-,-,-,-,-,-,-,-,-,-,-,-,-,-,-,-,-,-,-,-,-,-,-,-,-,-,-,-,-,-,-,nitrogenContent,27,-,-,-,complete,phosphateContentAsP2O5,-,-,-,-,not required,potassiumContentAsK2O,-,-,-,-,not required,sulphurContent,30,-,complete,magnesiumOxideContent,-,-,not required,calciumOxideContent,-,-,not required,boronContent,-,-,-,not required,copperContent,-,-,not required,manganeseContent,-,-,not required,zincContent,-,-,not required,magnesiumContent,-,not required,ironContent,-,not required,skipAggregation,TRUE,complete,generateImpactAssessment,FALSE,complete
bunn38N19So3,bunn 38N + 19So3,Bunn 38N + 19SO3,kg,-,-,-,-,-,-,-,-,-,-,-,-,-,-,-,-,-,-,-,-,-,-,-,-,-,-,-,-,-,-,-,-,-,-,-,-,-,-,-,nitrogenContent,38,-,-,-,complete,phosphateContentAsP2O5,-,-,-,-,not required,potassiumContentAsK2O,-,-,-,-,not required,sulphurContent,19,-,complete,magnesiumOxideContent,-,-,not required,calciumOxideContent,-,-,not required,boronContent,-,-,-,not required,copperContent,-,-,not required,manganeseContent,-,-,not required,zincContent,-,-,not required,magnesiumContent,-,not required,ironContent,-,not required,skipAggregation,TRUE,complete,generateImpactAssessment,FALSE,complete
bunn825255So3,bunn 8-25-25 + 5So3,Bunn 8-25-25 + 5SO3,kg,-,-,-,-,-,activeIngredient,npkBlendKgN,-,8,-,activeIngredient,npkBlendKgP2O5,-,25,-,activeIngredient,npkBlendKgK2O,25,-,-,-,-,-,-,-,-,-,-,-,-,-,-,-,-,-,-,-,-,-,nitrogenContent,8,-,-,-,complete,phosphateContentAsP2O5,25,-,-,-,complete,potassiumContentAsK2O,25,-,-,-,complete,sulphurContent,5,-,complete,magnesiumOxideContent,-,-,not required,calciumOxideContent,-,-,not required,boronContent,-,-,-,not required,copperContent,-,-,not required,manganeseContent,-,-,not required,zincContent,-,-,not required,magnesiumContent,-,not required,ironContent,-,not required,skipAggregation,TRUE,complete,generateImpactAssessment,FALSE,complete
bunnKan,bunn Kan,Bunn KAN,kg,-,-,-,-,-,-,-,-,-,-,-,-,-,-,-,-,-,-,-,-,-,-,-,-,-,-,-,-,-,-,-,-,-,-,-,-,-,-,-,nitrogenContent,46,-,-,-,complete,phosphateContentAsP2O5,-,-,-,-,not required,potassiumContentAsK2O,-,-,-,-,not required,sulphurContent,-,-,not required,magnesiumOxideContent,-,-,not required,calciumOxideContent,-,-,not required,boronContent,-,-,-,not required,copperContent,-,-,not required,manganeseContent,-,-,not required,zincContent,-,-,not required,magnesiumContent,-,not required,ironContent,-,not required,skipAggregation,TRUE,complete,generateImpactAssessment,FALSE,complete
bunnKanPlus29017195So3,bunn Kan Plus 29-0-17 + 195So3,Bunn KAN Plus 29-0-17 + 19.5SO3,kg,-,-,-,-,-,activeIngredient,npkBlendKgN,-,29,-,-,-,-,-,-,activeIngredient,npkBlendKgK2O,17,-,-,-,-,-,-,-,-,-,-,-,-,-,-,-,-,-,-,-,-,-,nitrogenContent,29,-,-,-,complete,phosphateContentAsP2O5,-,-,-,-,not required,potassiumContentAsK2O,17,-,-,-,complete,sulphurContent,19.5,-,complete,magnesiumOxideContent,-,-,not required,calciumOxideContent,-,-,not required,boronContent,-,-,-,not required,copperContent,-,-,not required,manganeseContent,-,-,not required,zincContent,-,-,not required,magnesiumContent,-,not required,ironContent,-,not required,skipAggregation,TRUE,complete,generateImpactAssessment,FALSE,complete
bunnKanPlus31N195So3,bunn Kan Plus 31N + 195So3,Bunn KAN Plus 31N + 19.5SO3,kg,-,-,-,-,-,-,-,-,-,-,-,-,-,-,-,-,-,-,-,-,-,-,-,-,-,-,-,-,-,-,-,-,-,-,-,-,-,-,-,nitrogenContent,31,-,-,-,complete,phosphateContentAsP2O5,-,-,-,-,not required,potassiumContentAsK2O,-,-,-,-,not required,sulphurContent,19.5,-,complete,magnesiumOxideContent,-,-,not required,calciumOxideContent,-,-,not required,boronContent,-,-,-,not required,copperContent,-,-,not required,manganeseContent,-,-,not required,zincContent,-,-,not required,magnesiumContent,-,not required,ironContent,-,not required,skipAggregation,TRUE,complete,generateImpactAssessment,FALSE,complete
bunnKanPlus33N30So3,bunn Kan Plus 33N + 30So3,Bunn KAN Plus 33N + 30SO3,kg,-,-,-,-,-,-,-,-,-,-,-,-,-,-,-,-,-,-,-,-,-,-,-,-,-,-,-,-,-,-,-,-,-,-,-,-,-,-,-,nitrogenContent,33,-,-,-,complete,phosphateContentAsP2O5,-,-,-,-,not required,potassiumContentAsK2O,-,-,-,-,not required,sulphurContent,30,-,complete,magnesiumOxideContent,-,-,not required,calciumOxideContent,-,-,not required,boronContent,-,-,-,not required,copperContent,-,-,not required,manganeseContent,-,-,not required,zincContent,-,-,not required,magnesiumContent,-,not required,ironContent,-,not required,skipAggregation,TRUE,complete,generateImpactAssessment,FALSE,complete
bunnKanPlus38N19So3,bunn Kan Plus 38N + 19So3,Bunn KAN Plus 38N + 19SO3,kg,-,-,-,-,-,-,-,-,-,-,-,-,-,-,-,-,-,-,-,-,-,-,-,-,-,-,-,-,-,-,-,-,-,-,-,-,-,-,-,nitrogenContent,38,-,-,-,complete,phosphateContentAsP2O5,-,-,-,-,not required,potassiumContentAsK2O,-,-,-,-,not required,sulphurContent,19,-,complete,magnesiumOxideContent,-,-,not required,calciumOxideContent,-,-,not required,boronContent,-,-,-,not required,copperContent,-,-,not required,manganeseContent,-,-,not required,zincContent,-,-,not required,magnesiumContent,-,not required,ironContent,-,not required,skipAggregation,TRUE,complete,generateImpactAssessment,FALSE,complete
cfCutGraze,cf Cut & Graze,CF Cut & Graze,kg,-,-,-,-,-,-,-,-,-,-,-,-,-,-,-,-,-,-,-,-,-,-,-,-,-,-,-,-,-,-,-,-,-,-,-,-,-,-,-,nitrogenContent,22,-,-,-,complete,phosphateContentAsP2O5,6,-,-,-,complete,potassiumContentAsK2O,8,-,-,-,complete,sulphurContent,-,-,not required,magnesiumOxideContent,-,-,not required,calciumOxideContent,-,-,not required,boronContent,-,-,-,not required,copperContent,-,-,not required,manganeseContent,-,-,not required,zincContent,-,-,not required,magnesiumContent,-,not required,ironContent,-,not required,skipAggregation,TRUE,complete,generateImpactAssessment,FALSE,complete
cfEarlybite,cf Earlybite,CF EarlyBite,kg,-,-,-,-,-,-,-,-,-,-,-,-,-,-,-,-,-,-,-,-,-,-,-,-,-,-,-,-,-,-,-,-,-,-,-,-,-,-,-,nitrogenContent,25,-,-,-,complete,phosphateContentAsP2O5,10,-,-,-,complete,potassiumContentAsK2O,-,-,-,-,not required,sulphurContent,-,-,not required,magnesiumOxideContent,-,-,not required,calciumOxideContent,-,-,not required,boronContent,-,-,-,not required,copperContent,-,-,not required,manganeseContent,-,-,not required,zincContent,-,-,not required,magnesiumContent,-,not required,ironContent,-,not required,skipAggregation,TRUE,complete,generateImpactAssessment,FALSE,complete
cfNumberFour,cf Number Four,CF Number Four,kg,-,-,-,-,-,-,-,-,-,-,-,-,-,-,-,-,-,-,-,-,-,-,-,-,-,-,-,-,-,-,-,-,-,-,-,-,-,-,-,nitrogenContent,17,-,-,-,complete,phosphateContentAsP2O5,17,-,-,-,complete,potassiumContentAsK2O,17,-,-,-,complete,sulphurContent,-,-,not required,magnesiumOxideContent,-,-,not required,calciumOxideContent,-,-,not required,boronContent,-,-,-,not required,copperContent,-,-,not required,manganeseContent,-,-,not required,zincContent,-,-,not required,magnesiumContent,-,not required,ironContent,-,not required,skipAggregation,TRUE,complete,generateImpactAssessment,FALSE,complete
cfNumberSeven,cf Number Seven,CF Number Seven,kg,-,-,-,-,-,-,-,-,-,-,-,-,-,-,-,-,-,-,-,-,-,-,-,-,-,-,-,-,-,-,-,-,-,-,-,-,-,-,-,nitrogenContent,15,-,-,-,complete,phosphateContentAsP2O5,15,-,-,-,complete,potassiumContentAsK2O,20,-,-,-,complete,sulphurContent,-,-,not required,magnesiumOxideContent,-,-,not required,calciumOxideContent,-,-,not required,boronContent,-,-,-,not required,copperContent,-,-,not required,manganeseContent,-,-,not required,zincContent,-,-,not required,magnesiumContent,-,not required,ironContent,-,not required,skipAggregation,TRUE,complete,generateImpactAssessment,FALSE,complete
cfSulphurGold,cf Sulphur Gold,CF Sulphur Gold,kg,-,-,-,-,-,-,-,-,-,-,-,-,-,-,-,-,-,-,-,-,-,-,-,-,-,-,-,-,-,-,-,-,-,-,-,-,-,-,-,nitrogenContent,29,-,-,-,complete,phosphateContentAsP2O5,-,-,-,-,not required,potassiumContentAsK2O,-,-,-,-,not required,sulphurContent,-,-,not required,magnesiumOxideContent,-,-,not required,calciumOxideContent,-,-,not required,boronContent,-,-,-,not required,copperContent,-,-,not required,manganeseContent,-,-,not required,zincContent,-,-,not required,magnesiumContent,-,not required,ironContent,-,not required,skipAggregation,TRUE,complete,generateImpactAssessment,FALSE,complete
cropkare,cropkare,Cropkare,kg,-,-,-,https://www.cropkare.com/what-is-cropkare.html,-,-,-,-,-,-,-,-,-,-,-,-,-,-,-,-,-,-,-,-,-,-,-,-,-,-,-,-,-,-,-,-,-,-,-,nitrogenContent,-,-,-,-,not required,phosphateContentAsP2O5,10,-,-,-,complete,potassiumContentAsK2O,12,-,-,-,complete,sulphurContent,5,-,complete,magnesiumOxideContent,6,-,complete,calciumOxideContent,29,-,complete,boronContent,-,-,-,not required,copperContent,-,-,not required,manganeseContent,-,-,not required,zincContent,-,-,not required,magnesiumContent,-,not required,ironContent,-,not required,skipAggregation,TRUE,complete,generateImpactAssessment,FALSE,complete
crystalGreen,crystal Green,Crystal Green,kg,-,-,-,https://taurus.ag/product/crystal-green/,-,-,-,-,-,-,-,-,-,-,-,-,-,-,-,-,-,-,-,-,-,-,-,-,-,-,-,-,-,-,-,-,-,-,-,nitrogenContent,5,-,-,-,complete,phosphateContentAsP2O5,28,-,-,-,complete,potassiumContentAsK2O,-,-,-,-,not required,sulphurContent,-,-,not required,magnesiumOxideContent,-,-,not required,calciumOxideContent,-,-,not required,boronContent,-,-,-,not required,copperContent,-,-,not required,manganeseContent,-,-,not required,zincContent,-,-,not required,magnesiumContent,10,complete,ironContent,-,not required,skipAggregation,TRUE,complete,generateImpactAssessment,FALSE,complete
fibrophos,fibrophos,Fibrophos,kg,-,-,-,-,-,-,-,-,-,-,-,-,-,-,-,-,-,-,-,-,-,-,-,-,-,-,-,-,-,-,-,-,-,-,-,-,-,-,-,nitrogenContent,-,-,-,-,not required,phosphateContentAsP2O5,10,-,-,-,complete,potassiumContentAsK2O,-,-,-,-,not required,sulphurContent,-,-,not required,magnesiumOxideContent,-,-,not required,calciumOxideContent,-,-,not required,boronContent,-,-,-,not required,copperContent,-,-,not required,manganeseContent,-,-,not required,zincContent,-,-,not required,magnesiumContent,-,not required,ironContent,-,not required,skipAggregation,TRUE,complete,generateImpactAssessment,FALSE,complete
iclPhosphateplus,icl Phosphateplus,ICL PhosphatepluS,kg,-,-,-,https://icl-growingsolutions.com/en-gb/agriculture/products/pac/,-,-,-,-,-,-,-,-,-,-,-,-,-,-,-,-,-,-,-,-,-,-,-,-,-,-,-,-,-,-,-,-,-,-,-,nitrogenContent,-,-,-,-,not required,phosphateContentAsP2O5,29,-,-,-,complete,potassiumContentAsK2O,5,-,-,-,complete,sulphurContent,19,-,complete,magnesiumOxideContent,2,-,complete,calciumOxideContent,24,-,complete,boronContent,-,-,-,not required,copperContent,-,-,not required,manganeseContent,-,-,not required,zincContent,-,-,not required,magnesiumContent,-,not required,ironContent,-,not required,skipAggregation,TRUE,complete,generateImpactAssessment,FALSE,complete
iclPotashplus,icl Potashplus,ICL PotashpluS,kg,-,-,-,https://icl-growingsolutions.com/en-gb/agriculture/brands/icl-potashplus/,-,-,-,-,-,-,-,-,-,-,-,-,-,-,-,-,-,-,-,-,-,-,-,-,-,-,-,-,-,-,-,-,-,-,-,nitrogenContent,-,-,-,-,not required,phosphateContentAsP2O5,-,-,-,-,not required,potassiumContentAsK2O,37,-,-,-,complete,sulphurContent,23,-,complete,magnesiumOxideContent,2.8,-,complete,calciumOxideContent,8,-,complete,boronContent,-,-,-,not required,copperContent,-,-,not required,manganeseContent,-,-,not required,zincContent,-,-,not required,magnesiumContent,-,not required,ironContent,-,not required,skipAggregation,TRUE,complete,generateImpactAssessment,FALSE,complete
kornKali,korn Kali,Korn Kali,kg,-,-,-,https://www.kpluss.com/en-us/our-business-products/agriculture/products/en-korn-kali/,-,-,-,-,-,-,-,-,-,-,-,-,-,-,-,-,-,-,-,-,-,-,-,-,-,-,-,-,-,-,-,-,-,-,-,nitrogenContent,-,-,-,-,not required,phosphateContentAsP2O5,-,-,-,-,not required,potassiumContentAsK2O,40,-,-,-,complete,sulphurContent,13,-,complete,magnesiumOxideContent,6,-,complete,calciumOxideContent,-,-,not required,boronContent,-,-,-,not required,copperContent,-,-,not required,manganeseContent,-,-,not required,zincContent,-,-,not required,magnesiumContent,-,not required,ironContent,-,not required,skipAggregation,TRUE,complete,generateImpactAssessment,FALSE,complete
mzExceleratorGt,mz Excelerator Gt,Mz Excelerator GT,kg,-,-,-,https://irp.cdn-website.com/481f41a6/files/uploaded/Mz%20Excelerator%20Maize%20Starter%20Fert.2020.2.pdf,-,-,-,-,-,-,-,-,-,-,-,-,-,-,-,-,-,-,-,-,-,-,-,-,-,-,-,-,-,-,-,-,-,-,-,nitrogenContent,16,-,-,-,complete,phosphateContentAsP2O5,11,-,-,-,complete,potassiumContentAsK2O,-,-,-,-,not required,sulphurContent,31,-,complete,magnesiumOxideContent,-,-,not required,calciumOxideContent,-,-,not required,boronContent,0.3,-,-,complete,copperContent,-,-,not required,manganeseContent,-,-,not required,zincContent,0.1,-,complete,magnesiumContent,-,not required,ironContent,-,not required,skipAggregation,TRUE,complete,generateImpactAssessment,FALSE,complete
originAsn26,origin Asn 26,Origin ASN 26,kg,-,-,-,-,-,-,-,-,-,-,-,-,-,-,-,-,-,-,-,-,-,-,-,-,-,-,-,-,-,-,-,-,-,-,-,-,-,-,-,nitrogenContent,26,-,-,-,complete,phosphateContentAsP2O5,-,-,-,-,not required,potassiumContentAsK2O,-,-,-,-,not required,sulphurContent,-,-,not required,magnesiumOxideContent,-,-,not required,calciumOxideContent,-,-,not required,boronContent,-,-,-,not required,copperContent,-,-,not required,manganeseContent,-,-,not required,zincContent,-,-,not required,magnesiumContent,-,not required,ironContent,-,not required,skipAggregation,TRUE,complete,generateImpactAssessment,FALSE,complete
originMaxiMaize,origin Maxi Maize,Origin Maxi Maize,kg,-,-,-,https://www.originfertilisers.co.uk/our-range/efficiency-fertilisers/oep/,-,-,-,-,-,-,-,-,-,-,-,-,-,-,-,-,-,-,-,-,-,-,-,-,-,-,-,-,-,-,-,-,-,-,-,nitrogenContent,19,-,-,-,complete,phosphateContentAsP2O5,40,-,-,-,complete,potassiumContentAsK2O,-,-,-,-,not required,sulphurContent,5,-,complete,magnesiumOxideContent,-,-,not required,calciumOxideContent,-,-,not required,boronContent,-,-,-,not required,copperContent,-,-,not required,manganeseContent,-,-,not required,zincContent,-,-,not required,magnesiumContent,-,not required,ironContent,-,not required,skipAggregation,TRUE,complete,generateImpactAssessment,FALSE,complete
originOsn17,origin Osn 17,Origin OSN 17,kg,-,-,-,-,-,-,-,-,-,-,-,-,-,-,-,-,-,-,-,-,-,-,-,-,-,-,-,-,-,-,-,-,-,-,-,-,-,-,-,nitrogenContent,30,-,-,-,complete,phosphateContentAsP2O5,-,-,-,-,not required,potassiumContentAsK2O,-,-,-,-,not required,sulphurContent,-,-,not required,magnesiumOxideContent,-,-,not required,calciumOxideContent,-,-,not required,boronContent,-,-,-,not required,copperContent,-,-,not required,manganeseContent,-,-,not required,zincContent,-,-,not required,magnesiumContent,-,not required,ironContent,-,not required,skipAggregation,TRUE,complete,generateImpactAssessment,FALSE,complete
originOsn35,origin Osn 35,Origin OSN 35,kg,-,-,-,-,-,-,-,-,-,-,-,-,-,-,-,-,-,-,-,-,-,-,-,-,-,-,-,-,-,-,-,-,-,-,-,-,-,-,-,nitrogenContent,26,-,-,-,complete,phosphateContentAsP2O5,-,-,-,-,not required,potassiumContentAsK2O,-,-,-,-,not required,sulphurContent,-,-,not required,magnesiumOxideContent,-,-,not required,calciumOxideContent,-,-,not required,boronContent,-,-,-,not required,copperContent,-,-,not required,manganeseContent,-,-,not required,zincContent,-,-,not required,magnesiumContent,-,not required,ironContent,-,not required,skipAggregation,TRUE,complete,generateImpactAssessment,FALSE,complete
pGrow,p-Grow,P-grow,kg,-,-,-,https://jseco.co.uk/products/fibrophos-2/,-,-,-,-,-,-,-,-,-,-,-,-,-,-,-,-,-,-,-,-,-,-,-,-,-,-,-,-,-,-,-,-,-,-,-,nitrogenContent,-,-,-,-,not required,phosphateContentAsP2O5,23,-,-,-,complete,potassiumContentAsK2O,2,-,-,-,complete,sulphurContent,3,-,complete,magnesiumOxideContent,-,-,not required,calciumOxideContent,40,-,complete,boronContent,-,-,-,not required,copperContent,-,-,not required,manganeseContent,-,-,not required,zincContent,-,-,not required,magnesiumContent,1,complete,ironContent,-,not required,skipAggregation,TRUE,complete,generateImpactAssessment,FALSE,complete
primaryP,primary P,Primary P,kg,-,-,-,https://greenfarmseeds.com/product/primary-p/,-,-,-,-,-,-,-,-,-,-,-,-,-,-,-,-,-,-,-,-,-,-,-,-,-,-,-,-,-,-,-,-,-,-,-,nitrogenContent,10,-,-,-,complete,phosphateContentAsP2O5,40,-,-,-,complete,potassiumContentAsK2O,-,-,-,-,not required,sulphurContent,11,-,complete,magnesiumOxideContent,-,-,not required,calciumOxideContent,-,-,not required,boronContent,-,-,-,not required,copperContent,-,-,not required,manganeseContent,-,-,not required,zincContent,2,-,complete,magnesiumContent,2,complete,ironContent,-,not required,skipAggregation,TRUE,complete,generateImpactAssessment,FALSE,complete
npk151515,npk 15:15:15,NPK 15:15:15,kg,NPK Blend,"An NPK fertiliser with 15 kg N, 15 kg P2O5, and 15 kg K2O.",-,-,-,activeIngredient,npkBlendKgN,-,15,-,activeIngredient,npkBlendKgP2O5,-,15,-,activeIngredient,npkBlendKgK2O,15,-,-,-,-,-,-,-,-,-,-,-,-,-,-,-,-,-,-,-,-,-,nitrogenContent,15,-,-,-,complete,phosphateContentAsP2O5,15,-,-,-,complete,potassiumContentAsK2O,15,-,-,-,complete,sulphurContent,-,-,not required,magnesiumOxideContent,-,-,not required,calciumOxideContent,-,-,not required,boronContent,-,-,-,not required,copperContent,-,-,not required,manganeseContent,-,-,not required,zincContent,-,-,not required,magnesiumContent,-,not required,ironContent,-,not required,skipAggregation,TRUE,complete,generateImpactAssessment,FALSE,complete
yara52Regular,yara 52 Regular,Yara 52 Regular,kg,NPK Blend,-,-,https://www.yara.co.uk/crop-nutrition/fertiliser/compound/yaramila-52-regular/,-,activeIngredient,npkBlendKgN,-,20,-,activeIngredient,npkBlendKgP2O5,-,10,-,activeIngredient,npkBlendKgK2O,10,-,-,-,-,-,-,-,-,-,-,-,-,-,-,-,-,-,-,-,-,-,nitrogenContent,20,-,-,-,complete,phosphateContentAsP2O5,10,-,-,-,complete,potassiumContentAsK2O,10,-,-,-,complete,sulphurContent,-,-,not required,magnesiumOxideContent,-,-,not required,calciumOxideContent,-,-,not required,boronContent,-,-,-,not required,copperContent,-,-,not required,manganeseContent,-,-,not required,zincContent,-,-,not required,magnesiumContent,-,not required,ironContent,-,not required,skipAggregation,TRUE,complete,generateImpactAssessment,FALSE,complete
yaraActyvaS,yara Actyva S,Yara Actyva S,kg,-,-,-,https://www.yara.co.uk/crop-nutrition/fertiliser/compound/yaramila-actyva-s/,-,activeIngredient,npkBlendKgN,-,15.6,-,activeIngredient,npkBlendKgP2O5,-,14.6,-,activeIngredient,npkBlendKgK2O,14.6,activeIngredient,inorganicSulphurFertiliserUnspecifiedKgS,2.6,-,-,-,-,-,-,-,-,-,-,-,-,-,-,-,-,-,-,nitrogenContent,15.6,-,-,-,complete,phosphateContentAsP2O5,14.6,-,-,-,complete,potassiumContentAsK2O,14.6,-,-,-,complete,sulphurContent,2.6,-,complete,magnesiumOxideContent,-,-,not required,calciumOxideContent,-,-,not required,boronContent,-,-,-,not required,copperContent,-,-,not required,manganeseContent,-,-,not required,zincContent,-,-,not required,magnesiumContent,-,not required,ironContent,-,not required,skipAggregation,TRUE,complete,generateImpactAssessment,FALSE,complete
yaraAmidas,yara Amidas,Yara Amidas,kg,-,-,-,https://www.yara.co.uk/crop-nutrition/fertiliser/urea/yaravera-amidas/,-,activeIngredient,ureaKgN,-,35,-,activeIngredient,ammoniumNitrateKgN,-,5,-,activeIngredient,inorganicSulphurFertiliserUnspecifiedKgS,5.6,-,-,-,-,-,-,-,-,-,-,-,-,-,-,-,-,-,-,-,-,-,nitrogenContent,40,-,-,-,complete,phosphateContentAsP2O5,-,-,-,-,not required,potassiumContentAsK2O,-,-,-,-,not required,sulphurContent,5.6,-,complete,magnesiumOxideContent,-,-,not required,calciumOxideContent,-,-,not required,boronContent,-,-,-,not required,copperContent,-,-,not required,manganeseContent,-,-,not required,zincContent,-,-,not required,magnesiumContent,-,not required,ironContent,-,not required,skipAggregation,TRUE,complete,generateImpactAssessment,FALSE,complete
yaraComplex,yara Complex,Yara Complex,kg,YaraMila COMPLEX; npkYaramilaComplex121118Mg265S199Zn002B0015,-,-,https://www.yara.co.uk/crop-nutrition/fertiliser/compound/yaramila-complex/,-,activeIngredient,npkBlendKgN,-,12,-,activeIngredient,npkBlendKgP2O5,-,11,-,activeIngredient,npkBlendKgK2O,18,activeIngredient,inorganicSulphurFertiliserUnspecifiedKgS,8,activeIngredient,zinc,0.01,activeIngredient,magnesiumOxide,2.7,activeIngredient,boronTrioxideKgB,0.015,activeIngredient,inorganicIronFertiliserUnspecifiedKgFe,0.2,activeIngredient,manganeseOxide,0.026,-,-,-,nitrogenContent,12,-,-,-,complete,phosphateContentAsP2O5,11,-,-,-,complete,potassiumContentAsK2O,18,-,-,-,complete,sulphurContent,8,-,complete,magnesiumOxideContent,2.7,-,complete,calciumOxideContent,-,-,not required,boronContent,0.015,-,-,complete,copperContent,-,-,not required,manganeseContent,0.02,-,complete,zincContent,0.01,-,complete,magnesiumContent,-,not required,ironContent,0.2,complete,skipAggregation,TRUE,complete,generateImpactAssessment,FALSE,complete
yaraExtraGrass,yara Extra Grass,Yara Extra Grass,kg,-,-,-,https://www.frontierag.co.uk/crop-production/crop-nutrition/products/product/yaramila-extragrass,-,activeIngredient,npkBlendKgN,-,27,-,activeIngredient,npkBlendKgP2O5,-,5,-,activeIngredient,npkBlendKgK2O,5,activeIngredient,inorganicSulphurFertiliserUnspecifiedKgS,2.4,-,-,-,-,-,-,-,-,-,-,-,-,-,-,-,-,-,-,nitrogenContent,27,-,-,-,complete,phosphateContentAsP2O5,5,-,-,-,complete,potassiumContentAsK2O,5,-,-,-,complete,sulphurContent,2.4,-,complete,magnesiumOxideContent,-,-,not required,calciumOxideContent,-,-,not required,boronContent,-,-,-,not required,copperContent,-,-,not required,manganeseContent,-,-,not required,zincContent,-,-,not required,magnesiumContent,-,not required,ironContent,-,not required,skipAggregation,TRUE,complete,generateImpactAssessment,FALSE,complete
yaraExtranS,yara Extran S,Yara Extran S,kg,Nitrate and ammonia and sulphur,-,-,https://www.yara.co.uk/crop-nutrition/fertiliser/other/extran-s/,-,activeIngredient,npkBlendKgN,-,29,-,-,-,-,-,-,activeIngredient,inorganicSulphurFertiliserUnspecifiedKgS,6.4,-,-,-,-,-,-,-,-,-,-,-,-,-,-,-,-,-,-,-,-,-,nitrogenContent,29,-,-,-,complete,phosphateContentAsP2O5,-,-,-,-,not required,potassiumContentAsK2O,-,-,-,-,not required,sulphurContent,6.4,-,complete,magnesiumOxideContent,-,-,not required,calciumOxideContent,-,-,not required,boronContent,-,-,-,not required,copperContent,-,-,not required,manganeseContent,-,-,not required,zincContent,-,-,not required,magnesiumContent,-,not required,ironContent,-,not required,skipAggregation,TRUE,complete,generateImpactAssessment,FALSE,complete
yaraGreenSward,yara Green Sward,Yara Green Sward,kg,Nitrate and ammonia,-,-,https://www.yara.co.uk/crop-nutrition/fertiliser/compound/yaramila-green-sward/,-,activeIngredient,npkBlendKgN,-,27,-,activeIngredient,npkBlendKgP2O5,-,6,-,activeIngredient,npkBlendKgK2O,6,-,-,-,-,-,-,-,-,-,-,-,-,-,-,-,-,-,-,-,-,-,nitrogenContent,27,-,-,-,complete,phosphateContentAsP2O5,6,-,-,-,complete,potassiumContentAsK2O,6,-,-,-,complete,sulphurContent,-,-,not required,magnesiumOxideContent,-,-,not required,calciumOxideContent,-,-,not required,boronContent,-,-,-,not required,copperContent,-,-,not required,manganeseContent,-,-,not required,zincContent,-,-,not required,magnesiumContent,-,not required,ironContent,-,not required,skipAggregation,TRUE,complete,generateImpactAssessment,FALSE,complete
yaraGrower,yara Grower,Yara Grower,kg,-,-,-,https://www.yara.co.uk/crop-nutrition/fertiliser/compound/yaramila-grower/,-,activeIngredient,npkBlendKgN,-,15,-,activeIngredient,npkBlendKgP2O5,-,9,-,activeIngredient,npkBlendKgK2O,20,activeIngredient,inorganicSulphurFertiliserUnspecifiedKgS,3.8,activeIngredient,zinc,0.02,activeIngredient,magnesiumOxide,1.8,activeIngredient,boronTrioxideKgB,0.015,-,-,-,activeIngredient,manganeseOxide,0.026,-,-,-,nitrogenContent,15,-,-,-,complete,phosphateContentAsP2O5,9,-,-,-,complete,potassiumContentAsK2O,20,-,-,-,complete,sulphurContent,3.8,-,complete,magnesiumOxideContent,1.8,-,complete,calciumOxideContent,-,-,not required,boronContent,0.015,-,-,complete,copperContent,-,-,not required,manganeseContent,0.02,-,complete,zincContent,0.02,-,complete,magnesiumContent,-,not required,ironContent,-,not required,skipAggregation,TRUE,complete,generateImpactAssessment,FALSE,complete
yaraMaincrop,yara Maincrop,Yara Maincrop,kg,NPK Blend,-,-,https://www.yara.co.uk/crop-nutrition/fertiliser/compound/yaramila-maincrop/,-,activeIngredient,npkBlendKgN,-,14,-,activeIngredient,npkBlendKgP2O5,-,13.6,-,activeIngredient,npkBlendKgK2O,20.6,-,-,-,-,-,-,-,-,-,-,-,-,-,-,-,-,-,-,-,-,-,nitrogenContent,14,-,-,-,complete,phosphateContentAsP2O5,13.6,-,-,-,complete,potassiumContentAsK2O,20.6,-,-,-,complete,sulphurContent,-,-,not required,magnesiumOxideContent,-,-,not required,calciumOxideContent,-,-,not required,boronContent,-,-,-,not required,copperContent,-,-,not required,manganeseContent,-,-,not required,zincContent,-,-,not required,magnesiumContent,-,not required,ironContent,-,not required,skipAggregation,TRUE,complete,generateImpactAssessment,FALSE,complete
yaraNew18S,yara New 18S,Yara New 18's,kg,-,-,-,https://www.yara.co.uk/crop-nutrition/fertiliser/compound/yaramila-new-18s--sulphur/,-,activeIngredient,npkBlendKgN,-,17.6,-,activeIngredient,npkBlendKgP2O5,-,13.6,-,activeIngredient,npkBlendKgK2O,12.6,activeIngredient,inorganicSulphurFertiliserUnspecifiedKgS,2.52,-,-,-,-,-,-,-,-,-,-,-,-,-,-,-,-,-,-,nitrogenContent,17.6,-,-,-,complete,phosphateContentAsP2O5,13.6,-,-,-,complete,potassiumContentAsK2O,12.6,-,-,-,complete,sulphurContent,2.52,-,complete,magnesiumOxideContent,-,-,not required,calciumOxideContent,-,-,not required,boronContent,-,-,-,not required,copperContent,-,-,not required,manganeseContent,-,-,not required,zincContent,-,-,not required,magnesiumContent,-,not required,ironContent,-,not required,skipAggregation,TRUE,complete,generateImpactAssessment,FALSE,complete
yaramilaSilageBooster,yaramila Silage Booster,YaraMila SILAGE BOOSTER,kg,-,-,-,https://www.yara.co.uk/crop-nutrition/fertiliser/compound/yaramila-silage-booster/,-,activeIngredient,npkBlendKgN,-,20,-,activeIngredient,npkBlendKgP2O5,-,4.6,-,activeIngredient,npkBlendKgK2O,14.5,activeIngredient,inorganicSulphurFertiliserUnspecifiedKgS,3.28,-,-,-,-,-,-,-,-,-,-,-,-,-,-,-,-,-,-,nitrogenContent,20,-,-,-,complete,phosphateContentAsP2O5,4.6,-,-,-,complete,potassiumContentAsK2O,14.5,-,-,-,complete,sulphurContent,3.28,-,complete,magnesiumOxideContent,-,-,not required,calciumOxideContent,-,-,not required,boronContent,-,-,-,not required,copperContent,-,-,not required,manganeseContent,-,-,not required,zincContent,-,-,not required,magnesiumContent,-,not required,ironContent,-,not required,skipAggregation,TRUE,complete,generateImpactAssessment,FALSE,complete
yaraNkSulphur,yara Nk Sulphur,Yara NK Sulphur,kg,Yara NKS,-,-,https://www.yara.co.uk/crop-nutrition/fertiliser/compound/yaramila-nk-sulphur/,-,activeIngredient,npkBlendKgN,-,24,-,-,-,-,-,-,activeIngredient,npkBlendKgK2O,13,activeIngredient,inorganicSulphurFertiliserUnspecifiedKgS,2,-,-,-,-,-,-,-,-,-,-,-,-,-,-,-,-,-,-,nitrogenContent,24,-,-,-,complete,phosphateContentAsP2O5,-,-,-,-,not required,potassiumContentAsK2O,13,-,-,-,complete,sulphurContent,2,-,complete,magnesiumOxideContent,-,-,not required,calciumOxideContent,-,-,not required,boronContent,-,-,-,not required,copperContent,-,-,not required,manganeseContent,-,-,not required,zincContent,-,-,not required,magnesiumContent,-,not required,ironContent,-,not required,skipAggregation,TRUE,complete,generateImpactAssessment,FALSE,complete
yaraNutriBooster,yara Nutri Booster,Yara Nutri Booster,kg,-,-,-,https://www.yara.co.uk/crop-nutrition/fertiliser/nitrate/yarabela-nutri-booster/,-,activeIngredient,calciumAmmoniumNitrateKgN,-,25,-,-,-,-,-,-,activeIngredient,inorganicSulphurFertiliserUnspecifiedKgS,2.36,-,-,-,-,-,-,-,-,-,-,-,-,-,-,-,-,-,-,-,-,-,nitrogenContent,25,-,-,-,complete,phosphateContentAsP2O5,-,-,-,-,not required,potassiumContentAsK2O,-,-,-,-,not required,sulphurContent,2.36,-,complete,magnesiumOxideContent,-,-,not required,calciumOxideContent,-,-,not required,boronContent,-,-,-,not required,copperContent,-,-,not required,manganeseContent,-,-,not required,zincContent,-,-,not required,magnesiumContent,-,not required,ironContent,-,not required,skipAggregation,TRUE,complete,generateImpactAssessment,FALSE,complete
yaraPrilledN,yara Prilled N,Yara Prilled N,kg,-,-,-,https://www.yara.co.uk/crop-nutrition/fertiliser/other/prilled-n/,-,activeIngredient,ammoniumNitrateKgN,-,34.5,-,-,-,-,-,-,-,-,-,-,-,-,-,-,-,-,-,-,-,-,-,-,-,-,-,-,-,-,-,-,nitrogenContent,34.5,-,-,-,complete,phosphateContentAsP2O5,-,-,-,-,not required,potassiumContentAsK2O,-,-,-,-,not required,sulphurContent,-,-,not required,magnesiumOxideContent,-,-,not required,calciumOxideContent,-,-,not required,boronContent,-,-,-,not required,copperContent,-,-,not required,manganeseContent,-,-,not required,zincContent,-,-,not required,magnesiumContent,-,not required,ironContent,-,not required,skipAggregation,TRUE,complete,generateImpactAssessment,FALSE,complete
rres25013,rres 25-0-13,RRES (25-0-13),kg,25:0:13,-,-,-,-,activeIngredient,npkBlendKgN,-,25,-,-,-,-,-,-,activeIngredient,npkBlendKgK2O,13,-,-,-,-,-,-,-,-,-,-,-,-,-,-,-,-,-,-,-,-,-,nitrogenContent,25,-,-,-,complete,phosphateContentAsP2O5,-,-,-,-,not required,potassiumContentAsK2O,13,-,-,-,complete,sulphurContent,-,-,not required,magnesiumOxideContent,-,-,not required,calciumOxideContent,-,-,not required,boronContent,-,-,-,not required,copperContent,-,-,not required,manganeseContent,-,-,not required,zincContent,-,-,not required,magnesiumContent,-,not required,ironContent,-,not required,skipAggregation,TRUE,complete,generateImpactAssessment,FALSE,complete
rres250137,rres 25-0-13-7,RRES (25-0-13-7),kg,25:0:13:7,-,-,-,-,activeIngredient,npkBlendKgN,-,25,-,-,-,-,-,-,activeIngredient,npkBlendKgK2O,13,activeIngredient,inorganicSulphurFertiliserUnspecifiedKgS,7,-,-,-,-,-,-,-,-,-,-,-,-,-,-,-,-,-,-,nitrogenContent,25,-,-,-,complete,phosphateContentAsP2O5,-,-,-,-,not required,potassiumContentAsK2O,13,-,-,-,complete,sulphurContent,7,-,complete,magnesiumOxideContent,-,-,not required,calciumOxideContent,-,-,not required,boronContent,-,-,-,not required,copperContent,-,-,not required,manganeseContent,-,-,not required,zincContent,-,-,not required,magnesiumContent,-,not required,ironContent,-,not required,skipAggregation,TRUE,complete,generateImpactAssessment,FALSE,complete
kurus,kurus,KuruS,kg,-,-,-,https://data.fmc-agro.co.uk/wp-content/uploads/KURUS-10L-UK-R-11Mar20.pdf,-,-,-,-,-,-,-,-,-,-,-,activeIngredient,npkBlendKgK2O,36,activeIngredient,inorganicSulphurFertiliserUnspecifiedKgS,63,-,-,-,-,-,-,-,-,-,-,-,-,-,-,-,-,-,-,nitrogenContent,-,-,-,-,not required,phosphateContentAsP2O5,-,-,-,-,not required,potassiumContentAsK2O,36,-,-,-,complete,sulphurContent,63,-,complete,magnesiumOxideContent,-,-,not required,calciumOxideContent,-,-,not required,boronContent,-,-,-,not required,copperContent,-,-,not required,manganeseContent,-,-,not required,zincContent,-,-,not required,magnesiumContent,-,not required,ironContent,-,not required,skipAggregation,TRUE,complete,generateImpactAssessment,FALSE,complete
shogunSamuraiHydroGrow,shogun Samurai Hydro Grow,Shogun Samurai Hydro Grow,kg,-,"An NPK fertiliser with 6.3 kg N, 2.3 kg P2O5, and 6 kg K2O.",-,https://www.onestopgrowshop.co.uk/products/shogun-fertilisers-samurai-hydro-grow-nutrient-a-b-for-soft-water,-,activeIngredient,npkBlendKgN,-,6.3,-,activeIngredient,npkBlendKgP2O5,-,2.3,-,activeIngredient,npkBlendKgK2O,6,-,-,-,-,-,-,-,-,-,-,-,-,-,-,-,-,-,-,-,-,-,nitrogenContent,6.3,-,-,-,complete,phosphateContentAsP2O5,2.3,-,-,-,complete,potassiumContentAsK2O,6,-,-,-,complete,sulphurContent,-,-,not required,magnesiumOxideContent,-,-,not required,calciumOxideContent,-,-,not required,boronContent,-,-,-,not required,copperContent,-,-,not required,manganeseContent,-,-,not required,zincContent,-,-,not required,magnesiumContent,-,not required,ironContent,-,not required,skipAggregation,TRUE,complete,generateImpactAssessment,FALSE,complete
yarateraCalcinit,yaratera Calcinit,YaraTera CALCINIT,kg,-,-,-,https://www.yara.co.uk/crop-nutrition/fertiliser/soluble/yaratera-calcinit/,-,activeIngredient,npkBlendKgN,-,15.5,-,activeIngredient,calciumOxideContent,-,26.3,-,-,-,-,-,-,-,-,-,-,-,-,-,-,-,-,-,-,-,-,-,-,-,-,-,nitrogenContent,15.5,-,-,-,complete,phosphateContentAsP2O5,-,-,-,-,not required,potassiumContentAsK2O,-,-,-,-,not required,sulphurContent,-,-,not required,magnesiumOxideContent,-,-,not required,calciumOxideContent,26.3,-,complete,boronContent,-,-,-,not required,copperContent,-,-,not required,manganeseContent,-,-,not required,zincContent,-,-,not required,magnesiumContent,-,not required,ironContent,-,not required,skipAggregation,TRUE,complete,generateImpactAssessment,FALSE,complete
athenaProCore,athena Pro Core,Athena Pro Core,kg,-,-,-,https://www.progrow.co.uk/product/athena-pro-line-core,-,activeIngredient,npkBlendKgN,-,14,-,activeIngredient,calciumContent,-,17,-,-,-,-,activeIngredient,molybdenumContent,0.002,activeIngredient,zinc,0.01,activeIngredient,copperContent,0.01,activeIngredient,boronContent,0.015,activeIngredient,inorganicIronFertiliserUnspecifiedKgFe,0.07,activeIngredient,manganeseOxide,0.025,-,-,-,nitrogenContent,14,-,-,-,complete,phosphateContentAsP2O5,-,-,-,-,not required,potassiumContentAsK2O,-,-,-,-,not required,sulphurContent,-,-,not required,magnesiumOxideContent,-,-,not required,calciumOxideContent,23.8,-,complete,boronContent,0.015,-,-,complete,copperContent,0.01,-,complete,manganeseContent,0.025,-,complete,zincContent,0.01,-,complete,magnesiumContent,-,not required,ironContent,0.07,complete,skipAggregation,TRUE,complete,generateImpactAssessment,FALSE,complete
solufeedF,solufeed F,Solufeed F,kg,-,-,-,https://solufeed.com/products/solufeed-f,-,activeIngredient,npkBlendKgN,-,8.8,-,activeIngredient,npkBlendKgP2O5,-,6.8,-,activeIngredient,npkBlendKgK2O,36,activeIngredient,molybdenumContent,0.004,activeIngredient,zinc,0.08,activeIngredient,magnesiumOxide,5.3,activeIngredient,boronContent,0.03,activeIngredient,inorganicIronFertiliserUnspecifiedKgFe,0.17,activeIngredient,manganeseOxide,0.097,activeIngredient,copperContent,0.017,nitrogenContent,8.8,-,-,-,complete,phosphateContentAsP2O5,6.8,-,-,-,complete,potassiumContentAsK2O,36,-,-,-,complete,sulphurContent,-,-,not required,magnesiumOxideContent,5.3,-,complete,calciumOxideContent,-,-,not required,boronContent,0.03,-,-,complete,copperContent,0.017,-,complete,manganeseContent,0.075,-,complete,zincContent,0.08,-,complete,magnesiumContent,3.2,complete,ironContent,0.17,complete,skipAggregation,TRUE,complete,generateImpactAssessment,FALSE,complete
