term.id,term.name,causesExcretaMassLoss,cfc11EqEgalitarianStratosphericOzoneDepletionReCiPe2016,cfc11EqHierarchistStratosphericOzoneDepletionReCiPe2016,cfc11EqIndividualistStratosphericOzoneDepletionReCiPe2016,co2EqGwp100ExcludingClimate-CarbonFeedbacksIpcc2013,co2EqGwp100IncludingClimate-CarbonFeedbacksIpcc2013,co2EqGwp100Ipcc2021,dalyAllEffects100YearsClimateChangeDamageToHumanHealthLCImpact,dalyAllEffects100YearsStratosphericOzoneDepletionDamageToHumanHealthLCImpact,dalyAllEffectsInfiniteClimateChangeDamageToHumanHealthLCImpact,dalyAllEffectsInfiniteStratosphericOzoneDepletionDamageToHumanHealthLCImpact,dalyCertainEffects100YearsClimateChangeDamageToHumanHealthLCImpact,dalyCertainEffects100YearsStratosphericOzoneDepletionDamageToHumanHealthLCImpact,dalyCertainEffectsInfiniteClimateChangeDamageToHumanHealthLCImpact,dalyCertainEffectsInfiniteStratosphericOzoneDepletionDamageToHumanHealthLCImpact,inHestiaDefaultSystemBoundary,inputProductionGroupId,inputTermTypesAllowed,lsrgAccountingCategory,lsrgAccountingSubCategory,nEqEgalitarianMarineEutrophicationReCiPe2016,nEqHierarchistMarineEutrophicationReCiPe2016,nEqIndividualistMarineEutrophicationReCiPe2016,noxEqEgalitarianEcosystemDamageOzoneFormationReCiPe2016,noxEqEgalitarianHumanDamageOzoneFormationReCiPe2016,noxEqHierarchistEcosystemDamageOzoneFormationReCiPe2016,noxEqHierarchistHumanDamageOzoneFormationReCiPe2016,noxEqIndividualistEcosystemDamageOzoneFormationReCiPe2016,noxEqIndividualistHumanDamageOzoneFormationReCiPe2016,noxeqEutrophicationIncludingFateAverageEuropeCml2001Non-Baseline,ozoneDepletionPotential,pEqEgalitarianFreshwaterEutrophicationReCiPe2016,pEqHierarchistFreshwaterEutrophicationReCiPe2016,pEqIndividualistFreshwaterEutrophicationReCiPe2016,pdfYearsAllEffects100YearsClimateChangeDamageToFreshwaterEcosystemsLCImpact,pdfYearsAllEffects100YearsClimateChangeDamageToTerrestrialEcosystemsLCImpact,pdfYearsAllEffectsInfiniteClimateChangeDamageToFreshwaterEcosystemsLCImpact,pdfYearsAllEffectsInfiniteClimateChangeDamageToTerrestrialEcosystemsLCImpact,pdfYearsCertainEffects100YearsClimateChangeDamageToTerrestrialEcosystemsLCImpact,pdfYearsCertainEffectsInfiniteClimateChangeDamageToTerrestrialEcosystemsLCImpact,pm2-5EqEgalitarianFineParticulateMatterFormationReCiPe2016,pm2-5EqHierarchistFineParticulateMatterFormationReCiPe2016,pm2-5EqIndividualistFineParticulateMatterFormationReCiPe2016,po4-EqEutrophicationExcludingFateCml2001Baseline,productTermIdsAllowed,productTermTypesAllowed,scope,siteTypesAllowed,so2EqEgalitarianTerrestrialAcidificationReCiPe2016,so2EqHierarchistTerrestrialAcidificationReCiPe2016,so2EqIndividualistTerrestrialAcidificationReCiPe2016,so2EqTerrestrialAcidificationExcludingFateCml2001Non-Baseline,so2EqTerrestrialAcidificationIncludingFateAverageEuropeCml2001Baseline,typesAllowed,valueToleranceToHestiaRecalculatedValue
1Chloro11DifluoroethaneToAirIndustrialProcesses,"1-Chloro-1,1-Difluoroethane, to air, industrial processes",false,,,,,,,,,,,,,,,false,1Chloro11DifluoroethaneToAirInputsProduction,all,,,,,,,,,,,,,0.057,,,,,,,,,,,,,,all,all,Scope 2/3,agri-food processor,,,,,,Cycle,5
1Chloro11DifluoroethaneToAirInputsProduction,"1-Chloro-1,1-Difluoroethane, to air, inputs production",false,,,,,,,,,,,,,,,false,1Chloro11DifluoroethaneToAirInputsProduction,all,,,,,,,,,,,,,0.057,,,,,,,,,,,,,,all,all,Scope 2/3,all,,,,,,Cycle,5
11Dichloro1FluoroethaneToAirIndustrialProcesses,"1,1-Dichloro-1-Fluoroethane, to air, industrial processes",false,,,,,,,,,,,,,,,false,11Dichloro1FluoroethaneToAirInputsProduction,all,,,,,,,,,,,,,0.102,,,,,,,,,,,,,,all,all,Scope 2/3,agri-food processor,,,,,,Cycle,5
11Dichloro1FluoroethaneToAirInputsProduction,"1,1-Dichloro-1-Fluoroethane, to air, inputs production",false,,,,,,,,,,,,,,,false,11Dichloro1FluoroethaneToAirInputsProduction,all,,,,,,,,,,,,,0.102,,,,,,,,,,,,,,all,all,Scope 2/3,all,,,,,,Cycle,5
11DichlorotetrafluoroethaneToAirIndustrialProcesses,"1,1-Dichlorotetrafluoroethane, to air, industrial processes",false,0.58,0.27,0.165,8590,9615,9430,0.0121,6.3e-05,0.0437,0.00078,0.00368,0.000143,0.0133,0.000343,false,11DichlorotetrafluoroethaneToAirInputsProduction,all,Emissions (non-land),Process emissions,,,,,,,,,,,,,,,4.7e-12,1.51e-11,1.7e-11,5.47e-11,1.51e-11,5.47e-11,,,,,all,all,Scope 2/3,agri-food processor,,,,,,Cycle;Transformation;Transport,5
11DichlorotetrafluoroethaneToAirInputsProduction,"1,1-Dichlorotetrafluoroethane, to air, inputs production",false,0.58,0.27,0.165,8590,9615,9430,0.0121,6.3e-05,0.0437,0.00078,0.00368,0.000143,0.0133,0.000343,true,11DichlorotetrafluoroethaneToAirInputsProduction,all,Emissions (non-land),,,,,,,,,,,,,,,,4.7e-12,1.51e-11,1.7e-11,5.47e-11,1.51e-11,5.47e-11,,,,,all,all,Scope 2/3,all,,,,,,Cycle;Transformation;Transport,5
1112TetrafluoroethaneToAirIndustrialProcesses,"1,1,1,2-Tetrafluoroethane, to air, industrial processes",false,,,,1300,1549,1530,0.00183,,0.00272,,0.000556,,0.000829,,false,1112TetrafluoroethaneToAirInputsProduction,all,Emissions (non-land),Process emissions,,,,,,,,,,,,,,,7.11e-13,2.29e-12,1.06e-12,3.41e-12,2.29e-12,3.41e-12,,,,,all,all,Scope 2/3,agri-food processor,,,,,,Cycle;Transformation;Transport,5
1112TetrafluoroethaneToAirInputsProduction,"1,1,1,2-Tetrafluoroethane, to air, inputs production",false,,,,1300,1549,1530,0.00183,,0.00272,,0.000556,,0.000829,,false,1112TetrafluoroethaneToAirInputsProduction,all,Emissions (non-land),,,,,,,,,,,,,,,,7.11e-13,2.29e-12,1.06e-12,3.41e-12,2.29e-12,3.41e-12,,,,,all,all,Scope 2/3,all,,,,,,Cycle;Transformation;Transport,5
112TrichloroethaneToAirIndustrialProcesses,"1,1,2-Trichloroethane, to air, industrial processes",false,,,,,,,,,,,,,,,false,112TrichloroethaneToAirInputsProduction,all,,,,,,,,,,,,,0.14,,,,,,,,,,,,,,all,all,Scope 2/3,agri-food processor,,,,,,Cycle,5
112TrichloroethaneToAirInputsProduction,"1,1,2-Trichloroethane, to air, inputs production",false,,,,,,,,,,,,,,,false,112TrichloroethaneToAirInputsProduction,all,,,,,,,,,,,,,0.14,,,,,,,,,,,,,,all,all,Scope 2/3,all,,,,,,Cycle,5
112TrichlorotrifluoroethaneToAirIndustrialProcesses,"1,1,2-Trichlorotrifluoroethane, to air, industrial processes",false,0.85,0.664,0.504,5820,6586,6520,0.00818,0.000155,0.0176,0.00114,0.00249,0.000353,0.00537,0.000502,false,112TrichlorotrifluoroethaneToAirInputsProduction,all,Emissions (non-land),Process emissions,,,,,,,,,,,0.81,,,,3.18e-12,1.02e-11,6.87e-12,2.21e-11,1.02e-11,2.21e-11,,,,,all,all,Scope 2/3,agri-food processor,,,,,,Cycle;Transformation;Transport,5
112TrichlorotrifluoroethaneToAirInputsProduction,"1,1,2-Trichlorotrifluoroethane, to air, inputs production",false,0.85,0.664,0.504,5820,6586,6520,0.00818,0.000155,0.0176,0.00114,0.00249,0.000353,0.00537,0.000502,true,112TrichlorotrifluoroethaneToAirInputsProduction,all,Emissions (non-land),,,,,,,,,,,,0.81,,,,3.18e-12,1.02e-11,6.87e-12,2.21e-11,1.02e-11,2.21e-11,,,,,all,all,Scope 2/3,all,,,,,,Cycle;Transformation;Transport,5
12DibromotetrafluoroethaneToAirIndustrialProcesses,"1,2-Dibromotetrafluoroethane, to air, industrial processes",false,,,,,,,,,,,,,,,false,12DibromotetrafluoroethaneToAirInputsProduction,all,,,,,,,,,,,,,15.7,,,,,,,,,,,,,,all,all,Scope 2/3,agri-food processor,,,,,,Cycle,5
12DibromotetrafluoroethaneToAirInputsProduction,"1,2-Dibromotetrafluoroethane, to air, inputs production",false,,,,,,,,,,,,,,,false,12DibromotetrafluoroethaneToAirInputsProduction,all,,,,,,,,,,,,,15.7,,,,,,,,,,,,,,all,all,Scope 2/3,all,,,,,,Cycle,5
13Dichloro11223PentafluoropropaneToAirIndustrialProcesses,"1,3-Dichloro-1,1,2,2,3-Pentafluoropropane, to air, industrial processes",false,,,,,,,,,,,,,,,false,13Dichloro11223PentafluoropropaneToAirInputsProduction,all,,,,,,,,,,,,,0.033,,,,,,,,,,,,,,all,all,Scope 2/3,agri-food processor,,,,,,Cycle,5
13Dichloro11223PentafluoropropaneToAirInputsProduction,"1,3-Dichloro-1,1,2,2,3-Pentafluoropropane, to air, inputs production",false,,,,,,,,,,,,,,,false,13Dichloro11223PentafluoropropaneToAirInputsProduction,all,,,,,,,,,,,,,0.033,,,,,,,,,,,,,,all,all,Scope 2/3,all,,,,,,Cycle,5
22Dichloro111TrifluoroethaneToAirIndustrialProcesses,"2,2-Dichloro-1,1,1-Trifluoroethane, to air, industrial processes",false,,,,,,,,,,,,,,,false,22Dichloro111TrifluoroethaneToAirInputsProduction,all,,,,,,,,,,,,,0.01,,,,,,,,,,,,,,all,all,Scope 2/3,agri-food processor,,,,,,Cycle,5
22Dichloro111TrifluoroethaneToAirInputsProduction,"2,2-Dichloro-1,1,1-Trifluoroethane, to air, inputs production",false,,,,,,,,,,,,,,,false,22Dichloro111TrifluoroethaneToAirInputsProduction,all,,,,,,,,,,,,,0.01,,,,,,,,,,,,,,all,all,Scope 2/3,all,,,,,,Cycle,5
33Dichloro11122PentafluoropropaneToAirIndustrialProcesses,"3,3-Dichloro-1,1,1,2,2-Pentafluoropropane, to air, industrial processes",false,,,,,,,,,,,,,,,false,33Dichloro11122PentafluoropropaneToAirInputsProduction,all,,,,,,,,,,,,,0.025,,,,,,,,,,,,,,all,all,Scope 2/3,agri-food processor,,,,,,Cycle,5
33Dichloro11122PentafluoropropaneToAirInputsProduction,"3,3-Dichloro-1,1,1,2,2-Pentafluoropropane, to air, inputs production",false,,,,,,,,,,,,,,,false,33Dichloro11122PentafluoropropaneToAirInputsProduction,all,,,,,,,,,,,,,0.025,,,,,,,,,,,,,,all,all,Scope 2/3,all,,,,,,Cycle,5
blackCarbonToAirFuelCombustion,"Black carbon, to air, fuel combustion",false,,,,,,,,,,,,,,,false,blackCarbonToAirInputsProduction,all,,,,,,,,,,,,,,,,,,,,,,,,,,,all,all,Scope 1,all,,,,,,Cycle;Transformation;Transport,5
blackCarbonToAirIndustrialProcesses,"Black carbon, to air, industrial processes",false,,,,,,,,,,,,,,,false,blackCarbonToAirInputsProduction,all,,,,,,,,,,,,,,,,,,,,,,,,,,,all,all,Scope 2/3,agri-food processor,,,,,,Cycle;Transformation;Transport,5
blackCarbonToAirInputsProduction,"Black carbon, to air, inputs production",false,,,,,,,,,,,,,,,false,blackCarbonToAirInputsProduction,all,,,,,,,,,,,,,,,,,,,,,,,,,,,all,all,Scope 2/3,all,,,,,,Cycle;Transformation;Transport,5
bod5ToWaterIndustrialProcesses,"BOD5, to water, industrial processes",false,,,,,,,,,,,,,,,false,bod5ToWaterInputsProduction,all,,,,,,,,,,,,,,,,,,,,,,,,,,0.022,all,all,Scope 1,agri-food processor,,,,,,Cycle;Transformation,5
bod5ToWaterInputsProduction,"BOD5, to water, inputs production",false,,,,,,,,,,,,,,,false,bod5ToWaterInputsProduction,all,,,,,,,,,,,,,,,,,,,,,,,,,,0.022,all,all,Scope 2/3,all,,,,,,Cycle;Transformation;Transport,5
bromochlorodifluoromethaneToAirIndustrialProcesses,"Bromochlorodifluoromethane, to air, industrial processes",false,7.9,8.777,15.053,1750,2070,1930,0.00246,0.00205,0.00367,0.0106,0.000749,0.00466,0.00112,0.00467,true,bromochlorodifluoromethaneToAirInputsProduction,all,Emissions (non-land),,,,,,,,,,,,6.9,,,,9.57e-13,3.08e-12,1.43e-12,4.6e-12,3.08e-12,4.6e-12,,,,,all,all,Scope 2/3,all,,,,,,Cycle;Transformation;Transport,5
bromochlorodifluoromethaneToAirInputsProduction,"Bromochlorodifluoromethane, to air, inputs production",false,7.9,8.777,15.053,1750,2070,1930,0.00246,0.00205,0.00367,0.0106,0.000749,0.00466,0.00112,0.00467,true,bromochlorodifluoromethaneToAirInputsProduction,all,Emissions (non-land),,,,,,,,,,,,6.9,,,,9.57e-13,3.08e-12,1.43e-12,4.6e-12,3.08e-12,4.6e-12,,,,,all,all,Scope 2/3,all,,,,,,Cycle;Transformation;Transport,5
bromomethaneToAirIndustrialProcesses,"Bromomethane, to air, industrial processes",false,,,,,,,,,,,,,,,false,bromomethaneToAirInputsProduction,all,,,,,,,,,,,,,0.57,,,,,,,,,,,,,,all,all,Scope 2/3,agri-food processor,,,,,,Cycle,5
bromomethaneToAirInputsProduction,"Bromomethane, to air, inputs production",false,,,,,,,,,,,,,,,false,bromomethaneToAirInputsProduction,all,,,,,,,,,,,,,0.57,,,,,,,,,,,,,,all,all,Scope 2/3,all,,,,,,Cycle,5
bromodifluoromethaneToAirIndustrialProcesses,"Bromodifluoromethane, to air, industrial processes",false,,,,,,,,,,,,,,,false,bromodifluoromethaneToAirInputsProduction,all,,,,,,,,,,,,,1.4,,,,,,,,,,,,,,all,all,Scope 2/3,agri-food processor,,,,,,Cycle,5
bromodifluoromethaneToAirInputsProduction,"Bromodifluoromethane, to air, inputs production",false,,,,,,,,,,,,,,,false,bromodifluoromethaneToAirInputsProduction,all,,,,,,,,,,,,,1.4,,,,,,,,,,,,,,all,all,Scope 2/3,all,,,,,,Cycle,5
bromofluoroformToAirIndustrialProcesses,"Bromofluoroform, to air, industrial processes",false,,,,,,,,,,,,,,,false,bromofluoroformToAirInputsProduction,all,,,,,,,,,,,,,15.2,,,,,,,,,,,,,,all,all,Scope 2/3,agri-food processor,,,,,,Cycle,5
bromofluoroformToAirInputsProduction,"Bromofluoroform, to air, inputs production",false,,,,,,,,,,,,,,,false,bromofluoroformToAirInputsProduction,all,,,,,,,,,,,,,15.2,,,,,,,,,,,,,,all,all,Scope 2/3,all,,,,,,Cycle,5
carbonTetrachlorideToAirIndustrialProcesses,"Carbon tetrachloride, to air, industrial processes",false,,,,,,,,,,,,,,,false,carbonTetrachlorideToAirInputsProduction,all,,,,,,,,,,,,,0.72,,,,,,,,,,,,,,all,all,Scope 2/3,agri-food processor,,,,,,Cycle,5
carbonTetrachlorideToAirInputsProduction,"Carbon tetrachloride, to air, inputs production",false,,,,,,,,,,,,,,,false,carbonTetrachlorideToAirInputsProduction,all,,,,,,,,,,,,,0.72,,,,,,,,,,,,,,all,all,Scope 2/3,all,,,,,,Cycle,5
ch4ToAirAquacultureSystems,"CH4, to air, aquaculture systems",false,,,,28,34,27.9,3.94e-05,,5.96e-05,,1.2e-05,,1.82e-05,,true,ch4ToAirInputsProductionNonFossil,all,Emissions (land),Land management non-CO2 emissions,,,,,,,,,,,,,,,1.53e-14,4.93e-14,2.32e-14,7.47e-14,4.93e-14,7.47e-14,,,,,all,liveAquaticSpecies,Scope 1,pond;river or stream;lake;sea or ocean,,,,,,Cycle,5
ch4ToAirCropResidueBurning,"CH4, to air, crop residue burning",false,,,,28,34,27.9,3.94e-05,,5.96e-05,,1.2e-05,,1.82e-05,,true,ch4ToAirInputsProductionNonFossil,all,Emissions (land),Land management non-CO2 emissions,,,,,,,,,,,,,,,1.53e-14,4.93e-14,2.32e-14,7.47e-14,4.93e-14,7.47e-14,,,,,all,all,Scope 1,cropland;glass or high accessible cover,,,,,,Cycle,5
ch4ToAirCropResidueDecomposition,"CH4, to air, crop residue decomposition",false,,,,28,34,27.9,3.94e-05,,5.96e-05,,1.2e-05,,1.82e-05,,false,ch4ToAirInputsProductionNonFossil,all,Emissions (land),Land management non-CO2 emissions,,,,,,,,,,,,,,,1.53e-14,4.93e-14,2.32e-14,7.47e-14,4.93e-14,7.47e-14,,,,,all,all,Scope 1,cropland;glass or high accessible cover,,,,,,Cycle,5
ch4ToAirEntericFermentation,"CH4, to air, enteric fermentation",false,,,,28,34,27.9,3.94e-05,,5.96e-05,,1.2e-05,,1.82e-05,,true,ch4ToAirInputsProductionNonFossil,all,Emissions (land),Land management non-CO2 emissions,,,,,,,,,,,,,,,1.53e-14,4.93e-14,2.32e-14,7.47e-14,4.93e-14,7.47e-14,,,,,alpaca;americanBison;ass;assFoal;bactrianCamel;buffalo;buffaloCow;buffaloCowLactating;buffaloCowDry;buffaloBull;buffaloHeifer;buffaloSteer;buffaloHeiferAndSteer;buffaloCalf;buffaloCalfWeaned;buffaloCalfFemaleWeaned;buffaloCalfMaleWeaned;buffaloCalfCastratedMaleWeaned;buffaloCalfUncastratedMaleWeaned;buffaloCalfUnweaned;cassowary;beefCattle;dairyCattle;beefCattleCow;dairyCattleCow;beefCattleCowLactating;dairyCattleCowLactating;beefCattleCowDry;dairyCattleCowDry;beefCattleBull;dairyCattleBull;beefCattleHeifer;dairyCattleHeifer;beefCattleSteer;dairyCattleSteer;beefCattleHeiferAndSteer;dairyCattleHeiferAndSteer;beefCattleCalf;beefCattleCalfWeaned;beefCattleCalfFemaleWeaned;beefCattleCalfMaleWeaned;beefCattleCalfCastratedMaleWeaned;beefCattleCalfUncastratedMaleWeaned;beefCattleCalfFemaleUnweaned;beefCattleCalfMaleUnweaned;beefCattleCalfUnweaned;dairyCattleCalf;dairyCattleCalfWeaned;dairyCattleCalfFemaleWeaned;dairyCattleCalfMaleWeaned;dairyCattleCalfCastratedMaleWeaned;dairyCattleCalfUncastratedMaleWeaned;dairyCattleCalfFemaleUnweaned;dairyCattleCalfMaleUnweaned;dairyCattleCalfUnweaned;broilerChicken;broilerChickenChick;broilerChickenCapon;broilerChickenCockerel;broilerChickenCock;broilerChickenHen;broilerChickenPullet;layerChicken;layerChickenChick;layerChickenHen;layerChickenPullet;deer;dog;dromedary;hybridCamel;domesticDuck;emu;goat;goatNanny;goatNannyDry;goatNannyLactating;goatBilly;goatWethers;goatKid;goatKidWeaned;goatKidUnweaned;domesticGoose;guanaco;guineaFowl;guineaPig;horse;horseFoal;insectLarvaKgMass;llama;mealwormLarvaKgMass;mule;muscovyDuck;nandu;ostrich;partridge;peacock;pheasant;pig;pigMale;pigFemale;pigBoar;pigBarrow;pigGilt;pigSow;pigPiglet;pigeon;quail;rabbit;sheep;sheepEwe;sheepEweDry;sheepEweLactating;sheepRam;sheepWether;sheepLamb;sheepLambWeaned;sheepLambFemaleWeaned;sheepLambMaleWeaned;sheepLambCastratedMaleWeaned;sheepLambUncastratedMaleWeaned;sheepLambUnweaned;turkey;vicuna;domesticYak;eggsHenInShell;eggsHenInShellNumber;eggsOtherBirdInShell;eggsOtherBirdInShellNumber;eggsDomesticGooseInShell;eggsDomesticGooseInShellNumber;milkBuffaloRaw;milkBuffaloRawFpcm;milkCamelRaw;milkCowRaw;milkCowRawFpcm;milkGoatRaw;milkSheepRaw;milkSheepRawFpcm;woolSheepGreasy;woolGoatGreasy;meatNesLiveweight;meatAssLiveweight;meatBirdNesLiveweight;meatBuffaloLiveweight;meatCamelLiveweight;meatBeefCattleLiveweight;meatDairyCattleLiveweight;meatChickenLiveweight;meatDuckLiveweight;meatGameLiveweight;meatGoatLiveweight;meatGooseLiveweight;meatGuineaPigLiveweight;meatHorseLiveweight;meatMuleLiveweight;meatInsectsLiveweight;meatOtherCamelidsLiveweight;meatOtherRodentsLiveweight;meatMealwormsLiveweight;meatPigLiveweight;meatPigeonLiveweight;meatQuailLiveweight;meatRabbitLiveweight;meatSheepLiveweight;meatTurkeyLiveweight,liveAnimal;animalProduct,Scope 1,cropland;permanent pasture;animal housing,,,,,,Cycle,25
ch4ToAirExcreta,"CH4, to air, excreta",true,,,,28,34,27.9,3.94e-05,,5.96e-05,,1.2e-05,,1.82e-05,,true,ch4ToAirInputsProductionNonFossil,excreta,Emissions (land),Land management non-CO2 emissions,,,,,,,,,,,,,,,1.53e-14,4.93e-14,2.32e-14,7.47e-14,4.93e-14,7.47e-14,,,,,all,all,Scope 1,cropland;permanent pasture;animal housing;pond;river or stream;lake;sea or ocean,,,,,,Cycle;Transformation,5
ch4ToAirFloodedRice,"CH4, to air, flooded rice",false,,,,28,34,27.9,3.94e-05,,5.96e-05,,1.2e-05,,1.82e-05,,true,ch4ToAirInputsProductionNonFossil,all,Emissions (land),Land management non-CO2 emissions,,,,,,,,,,,,,,,1.53e-14,4.93e-14,2.32e-14,7.47e-14,4.93e-14,7.47e-14,,,,,ricePlantFlooded;riceGrainInHuskFlooded,all,Scope 1,cropland,,,,,,Cycle,5
ch4ToAirFuelCombustion,"CH4, to air, fuel combustion",false,,,,30,36,27.9,4.22e-05,,6.13e-05,,1.28e-05,,1.87e-05,,false,ch4ToAirInputsProductionFossil,all,Emissions (non-land),Stationary/Mobile combustion emissions,,,,,,,,,,,,,,,1.64e-14,5.28e-14,2.39e-14,7.67e-14,5.28e-14,7.67e-14,,,,,all,all,Scope 1,all,,,,,,Cycle;Transformation;Transport,5
ch4ToAirIndustrialProcessesNonFossil,"CH4, to air, industrial processes, non fossil",false,,,,28,34,27.9,3.94e-05,,5.96e-05,,1.2e-05,,1.82e-05,,false,ch4ToAirInputsProductionNonFossil,all,Emissions (non-land),Process emissions,,,,,,,,,,,,,,,1.53e-14,4.93e-14,2.32e-14,7.47e-14,4.93e-14,7.47e-14,,,,,all,all,Scope 2/3,agri-food processor,,,,,,Cycle;Transformation;Transport,5
ch4ToAirInputsProductionFossil,"CH4, to air, inputs production, fossil",false,,,,30,36,27.9,4.22e-05,,6.13e-05,,1.28e-05,,1.87e-05,,true,ch4ToAirInputsProductionFossil,all,Emissions (non-land),,,,,,,,,,,,,,,,1.64e-14,5.28e-14,2.39e-14,7.67e-14,5.28e-14,7.67e-14,,,,,all,all,Scope 2/3,all,,,,,,Cycle;Transformation;Transport,5
ch4ToAirInputsProductionNonFossil,"CH4, to air, inputs production, non-fossil",false,,,,28,34,27.9,3.94e-05,,5.96e-05,,1.2e-05,,1.82e-05,,true,ch4ToAirInputsProductionNonFossil,all,Emissions (land/non-land),,,,,,,,,,,,,,,,1.53e-14,4.93e-14,2.32e-14,7.47e-14,4.93e-14,7.47e-14,,,,,all,all,Scope 2/3,all,,,,,,Cycle;Transformation;Transport,5
ch4ToAirNaturalVegetationBurning,"CH4, to air, natural vegetation burning",false,,,,28,34,27.9,3.94e-05,,5.96e-05,,1.2e-05,,1.82e-05,,true,ch4ToAirInputsProductionNonFossil,all,Emissions (land),Land use change emissions,,,,,,,,,,,,,,,1.53e-14,4.93e-14,2.32e-14,7.47e-14,4.93e-14,7.47e-14,,,,,all,all,Scope 1,forest;other natural vegetation;cropland;glass or high accessible cover;permanent pasture,,,,,,Cycle,5
ch4ToAirOrganicSoilBurning,"CH4, to air, organic soil burning",false,,,,28,34,27.9,3.94e-05,,5.96e-05,,1.2e-05,,1.82e-05,,false,ch4ToAirInputsProductionNonFossil,all,Emissions (land),Land use change emissions,,,,,,,,,,,,,,,1.53e-14,4.93e-14,2.32e-14,7.47e-14,4.93e-14,7.47e-14,,,,,all,all,Scope 1,forest;other natural vegetation;cropland;glass or high accessible cover;permanent pasture,,,,,,Cycle,5
ch4ToAirOrganicSoilCultivation,"CH4, to air, organic soil cultivation",false,,,,28,34,27.9,3.94e-05,,5.96e-05,,1.2e-05,,1.82e-05,,false,ch4ToAirInputsProductionNonFossil,all,Emissions (land),Land management non-CO2 emissions,,,,,,,,,,,,,,,1.53e-14,4.93e-14,2.32e-14,7.47e-14,4.93e-14,7.47e-14,,,,,all,all,Scope 1,forest;other natural vegetation;cropland;glass or high accessible cover;permanent pasture,,,,,,Cycle,5
ch4ToAirReservoirs,"CH4, to air, reservoirs",false,,,,28,34,27.9,3.94e-05,,5.96e-05,,1.2e-05,,1.82e-05,,false,ch4ToAirInputsProductionNonFossil,all,Emissions (land),Land management non-CO2 emissions,,,,,,,,,,,,,,,1.53e-14,4.93e-14,2.32e-14,7.47e-14,4.93e-14,7.47e-14,,,,,all,all,Scope 1,forest;other natural vegetation;cropland;glass or high accessible cover;permanent pasture,,,,,,Cycle,5
ch4ToAirSoilFlux,"CH4, to air, soil flux",false,,,,28,34,27.9,3.94e-05,,5.96e-05,,1.2e-05,,1.82e-05,,false,ch4ToAirInputsProductionNonFossil,all,,,,,,,,,,,,,,,,,1.53e-14,4.93e-14,2.32e-14,7.47e-14,4.93e-14,7.47e-14,,,,,all,all,Scope 1,forest;other natural vegetation;cropland;glass or high accessible cover;permanent pasture,,,,,,Cycle,5
ch4ToAirWasteTreatment,"CH4, to air, waste treatment",false,,,,28,34,27.9,3.94e-05,,5.96e-05,,1.2e-05,,1.82e-05,,true,ch4ToAirInputsProductionNonFossil,all,Emissions (non-land),Fugitive emissions,,,,,,,,,,,,,,,1.53e-14,4.93e-14,2.32e-14,7.47e-14,4.93e-14,7.47e-14,,,,,oilPalmFruit;oilPalmFrond;oilPalmWood;oilPalmShell;oilPalmKernel;oilPalmKernelMeal;oilPalmKernelOilCrude;oilPalmKernelOilRefined;oilPalmMillEffluent;oilPalmMillEffluentDecanted;oilPalmPressFibre;oilPalmOilCrude;oilPalmOilRefined;oilPalmFattyAcidDistillate;oilPalmStockSoap,all,Scope 1,all,,,,,,Cycle;Transformation,5
chlorodifluoromethaneToAirIndustrialProcesses,"Chlorodifluoromethane, to air, industrial processes",false,0.04,0.045,0.085,1760,2106,1960,0.00247,1.04e-05,0.0037,5.38e-05,0.000753,2.36e-05,0.00113,2.36e-05,false,chlorodifluoromethaneToAirInputsProduction,all,Emissions (non-land),Process emissions,,,,,,,,,,,0.034,,,,9.63e-13,3.1e-12,1.44e-12,4.64e-12,3.1e-12,4.64e-12,,,,,all,all,Scope 2/3,agri-food processor,,,,,,Cycle;Transformation;Transport,5
chlorodifluoromethaneToAirInputsProduction,"Chlorodifluoromethane, to air, inputs production",false,0.04,0.045,0.085,1760,2106,1960,0.00247,1.04e-05,0.0037,5.38e-05,0.000753,2.36e-05,0.00113,2.36e-05,true,chlorodifluoromethaneToAirInputsProduction,all,Emissions (non-land),,,,,,,,,,,,0.034,,,,9.63e-13,3.1e-12,1.44e-12,4.64e-12,3.1e-12,4.64e-12,,,,,all,all,Scope 2/3,all,,,,,,Cycle;Transformation;Transport,5
chloromethaneToAirIndustrialProcesses,"Chloromethane, to air, industrial processes",false,,,,,,,,,,,,,,,false,chloromethaneToAirInputsProduction,all,,,,,,,,,,,,,0.015,,,,,,,,,,,,,,all,all,Scope 2/3,agri-food processor,,,,,,Cycle,5
chloromethaneToAirInputsProduction,"Chloromethane, to air, inputs production",false,,,,,,,,,,,,,,,false,chloromethaneToAirInputsProduction,all,,,,,,,,,,,,,0.015,,,,,,,,,,,,,,all,all,Scope 2/3,all,,,,,,Cycle,5
chloropentafluoroethaneToAirIndustrialProcesses,"Chloropentafluoroethane, to air, industrial processes",false,,,,,,,,,,,,,,,false,chloropentafluoroethaneToAirInputsProduction,all,,,,,,,,,,,,,0.26,,,,,,,,,,,,,,all,all,Scope 2/3,agri-food processor,,,,,,Cycle,5
chloropentafluoroethaneToAirInputsProduction,"Chloropentafluoroethane, to air, inputs production",false,,,,,,,,,,,,,,,false,chloropentafluoroethaneToAirInputsProduction,all,,,,,,,,,,,,,0.26,,,,,,,,,,,,,,all,all,Scope 2/3,all,,,,,,Cycle,5
coToAirFuelCombustion,"CO, to air, fuel combustion",false,,,,,,,,,,,,,,,false,coToAirInputsProduction,all,,,,,,,,,,,,,,,,,,,,,,,,,,,all,all,Scope 1,all,,,,,,Cycle;Transformation;Transport,5
coToAirIndustrialProcesses,"CO, to air, industrial processes",false,,,,,,,,,,,,,,,false,coToAirInputsProduction,all,,,,,,,,,,,,,,,,,,,,,,,,,,,all,all,Scope 2/3,agri-food processor,,,,,,Cycle;Transformation;Transport,5
coToAirInputsProduction,"CO, to air, inputs production",false,,,,,,,,,,,,,,,false,coToAirInputsProduction,all,,,,,,,,,,,,,,,,,,,,,,,,,,,all,all,Scope 2/3,all,,,,,,Cycle;Transformation;Transport,5
co2ToAirAboveGroundBiomassStockChangeManagementChange,"CO2, to air, above ground biomass stock change, management change",false,,,,1,1,1,1.41e-06,,1.25e-05,,4.28e-07,,3.81e-06,,false,co2ToAirInputsProduction,all,Emissions (land) / Removals,Land management net CO2 emissions / Land management net removals,,,,,,,,,,,,,,,5.47e-16,1.76e-15,4.87e-15,1.57e-14,1.76e-15,1.57e-14,,,,,all,all,Scope 1,forest;other natural vegetation;cropland;glass or high accessible cover;permanent pasture,,,,,,Cycle,5
co2ToAirAboveGroundBiomassStockChangeLandUseChange,"CO2, to air, above ground biomass stock change, land use change",false,,,,1,1,1,1.41e-06,,1.25e-05,,4.28e-07,,3.81e-06,,true,co2ToAirInputsProduction,all,Emissions (land) / Removals,Land use change emissions,,,,,,,,,,,,,,,5.47e-16,1.76e-15,4.87e-15,1.57e-14,1.76e-15,1.57e-14,,,,,all,all,Scope 1,forest;other natural vegetation;cropland;glass or high accessible cover;permanent pasture,,,,,,Cycle,5
co2ToAirBelowGroundBiomassStockChangeManagementChange,"CO2, to air, below ground biomass stock change, management change",false,,,,1,1,1,1.41e-06,,1.25e-05,,4.28e-07,,3.81e-06,,false,co2ToAirInputsProduction,all,Emissions (land) / Removals,Land management net CO2 emissions / Land management net removals,,,,,,,,,,,,,,,5.47e-16,1.76e-15,4.87e-15,1.57e-14,1.76e-15,1.57e-14,,,,,all,all,Scope 1,forest;other natural vegetation;cropland;glass or high accessible cover;permanent pasture,,,,,,Cycle,5
co2ToAirBelowGroundBiomassStockChangeLandUseChange,"CO2, to air, below ground biomass stock change, land use change",false,,,,1,1,1,1.41e-06,,1.25e-05,,4.28e-07,,3.81e-06,,false,co2ToAirInputsProduction,all,Emissions (land) / Removals,Land use change emissions,,,,,,,,,,,,,,,5.47e-16,1.76e-15,4.87e-15,1.57e-14,1.76e-15,1.57e-14,,,,,all,all,Scope 1,forest;other natural vegetation;cropland;glass or high accessible cover;permanent pasture,,,,,,Cycle,5
co2ToAirCropResidueDecomposition,"CO2, to air, crop residue decomposition",false,,,,0,0,0,0,,0,,0,,0,,false,co2ToAirInputsProduction,all,,,,,,,,,,,,,,,,,0,0,0,0,0,0,,,,,all,all,Scope 1,cropland;glass or high accessible cover,,,,,,Cycle,5
co2ToAirDeadOrganicMatterStockChangeManagementChange,"CO2, to air, dead organic matter stock change, management change",false,,,,1,1,1,1.41e-06,,1.25e-05,,4.28e-07,,3.81e-06,,false,co2ToAirInputsProduction,all,Emissions (land) / Removals,Land management net CO2 emissions / Land management net removals,,,,,,,,,,,,,,,5.47e-16,1.76e-15,4.87e-15,1.57e-14,1.76e-15,1.57e-14,,,,,all,all,Scope 1,forest;other natural vegetation;cropland;glass or high accessible cover;permanent pasture,,,,,,Cycle,5
co2ToAirDeadOrganicMatterStockChangeLandUseChange,"CO2, to air, dead organic matter stock change, land use change",false,,,,1,1,1,1.41e-06,,1.25e-05,,4.28e-07,,3.81e-06,,false,co2ToAirInputsProduction,all,Emissions (land) / Removals,Land use change emissions,,,,,,,,,,,,,,,5.47e-16,1.76e-15,4.87e-15,1.57e-14,1.76e-15,1.57e-14,,,,,all,all,Scope 1,forest;other natural vegetation;cropland;glass or high accessible cover;permanent pasture,,,,,,Cycle,5
co2ToAirFuelCombustion,"CO2, to air, fuel combustion",false,,,,1,1,1,1.41e-06,,1.25e-05,,4.28e-07,,3.81e-06,,true,co2ToAirInputsProduction,all,Emissions (non-land),Stationary/Mobile combustion emissions,,,,,,,,,,,,,,,5.47e-16,1.76e-15,4.87e-15,1.57e-14,1.76e-15,1.57e-14,,,,,all,all,Scope 1,all,,,,,,Cycle;Transformation;Transport,5
co2ToAirInputsProduction,"CO2, to air, inputs production",false,,,,1,1,1,1.41e-06,,1.25e-05,,4.28e-07,,3.81e-06,,true,co2ToAirInputsProduction,all,Emissions (land/non-land),,,,,,,,,,,,,,,,5.47e-16,1.76e-15,4.87e-15,1.57e-14,1.76e-15,1.57e-14,,,,,all,all,Scope 2/3,all,,,,,,Cycle;Transformation;Transport,5
co2ToAirLimeHydrolysis,"CO2, to air, lime hydrolysis",false,,,,1,1,1,1.41e-06,,1.25e-05,,4.28e-07,,3.81e-06,,true,co2ToAirInputsProduction,all,Emissions (land),Land management non-CO2 emissions,,,,,,,,,,,,,,,5.47e-16,1.76e-15,4.87e-15,1.57e-14,1.76e-15,1.57e-14,,,,,all,all,Scope 1,cropland;glass or high accessible cover;permanent pasture,,,,,,Cycle,5
co2ToAirNaturalVegetationBurning,"CO2, to air, natural vegetation burning",false,,,,1,1,1,1.41e-06,,1.25e-05,,4.28e-07,,3.81e-06,,false,co2ToAirInputsProduction,all,Emissions (land),Land use change emissions,,,,,,,,,,,,,,,5.47e-16,1.76e-15,4.87e-15,1.57e-14,1.76e-15,1.57e-14,,,,,all,all,Scope 1,forest;other natural vegetation;cropland;glass or high accessible cover;permanent pasture,,,,,,Cycle,5
co2ToAirOrganicSoilBurning,"CO2, to air, organic soil burning",false,,,,1,1,1,1.41e-06,,1.25e-05,,4.28e-07,,3.81e-06,,false,co2ToAirInputsProduction,all,Emissions (land),Land use change emissions,,,,,,,,,,,,,,,5.47e-16,1.76e-15,4.87e-15,1.57e-14,1.76e-15,1.57e-14,,,,,all,all,Scope 1,forest;other natural vegetation;cropland;glass or high accessible cover;permanent pasture,,,,,,Cycle,5
co2ToAirOrganicSoilCultivation,"CO2, to air, organic soil cultivation",false,,,,1,1,1,1.41e-06,,1.25e-05,,4.28e-07,,3.81e-06,,true,co2ToAirInputsProduction,all,Emissions (land),Land management non-CO2 emissions,,,,,,,,,,,,,,,5.47e-16,1.76e-15,4.87e-15,1.57e-14,1.76e-15,1.57e-14,,,,,all,all,Scope 1,forest;other natural vegetation;cropland;glass or high accessible cover;permanent pasture,,,,,,Cycle,5
co2ToAirSoilOrganicCarbonStockChangeManagementChange,"CO2, to air, soil organic carbon stock change, management change",false,,,,1,1,1,1.41e-06,,1.25e-05,,4.28e-07,,3.81e-06,,true,co2ToAirInputsProduction,all,Emissions (land) / Removals,Land management net CO2 emissions / Land management net removals,,,,,,,,,,,,,,,5.47e-16,1.76e-15,4.87e-15,1.57e-14,1.76e-15,1.57e-14,,,,,all,all,Scope 1,forest;other natural vegetation;cropland;glass or high accessible cover;permanent pasture,,,,,,Cycle,5
co2ToAirSoilOrganicCarbonStockChangeLandUseChange,"CO2, to air, soil organic carbon stock change, land use change",false,,,,1,1,1,1.41e-06,,1.25e-05,,4.28e-07,,3.81e-06,,false,co2ToAirInputsProduction,all,Emissions (land) / Removals,Land use change emissions,,,,,,,,,,,,,,,5.47e-16,1.76e-15,4.87e-15,1.57e-14,1.76e-15,1.57e-14,,,,,all,all,Scope 1,forest;other natural vegetation;cropland;glass or high accessible cover;permanent pasture,,,,,,Cycle,5
co2ToAirSoilInorganicCarbonStockChangeManagementChange,"CO2, to air, soil inorganic carbon stock change, management change",false,,,,1,1,1,1.41e-06,,1.25e-05,,4.28e-07,,3.81e-06,,false,co2ToAirInputsProduction,all,Emissions (land) / Removals,Land management net CO2 emissions / Land management net removals,,,,,,,,,,,,,,,5.47e-16,1.76e-15,4.87e-15,1.57e-14,1.76e-15,1.57e-14,,,,,all,all,Scope 1,forest;other natural vegetation;cropland;glass or high accessible cover;permanent pasture,,,,,,Cycle,5
co2ToAirSoilInorganicCarbonStockChangeLandUseChange,"CO2, to air, soil inorganic carbon stock change, land use change",false,,,,1,1,1,1.41e-06,,1.25e-05,,4.28e-07,,3.81e-06,,false,co2ToAirInputsProduction,all,Emissions (land) / Removals,Land use change emissions,,,,,,,,,,,,,,,5.47e-16,1.76e-15,4.87e-15,1.57e-14,1.76e-15,1.57e-14,,,,,all,all,Scope 1,forest;other natural vegetation;cropland;glass or high accessible cover;permanent pasture,,,,,,Cycle,5
co2ToAirUreaHydrolysis,"CO2, to air, urea hydrolysis",false,,,,1,1,1,1.41e-06,,1.25e-05,,4.28e-07,,3.81e-06,,true,co2ToAirInputsProduction,all,Emissions (land),Land management non-CO2 emissions,,,,,,,,,,,,,,,5.47e-16,1.76e-15,4.87e-15,1.57e-14,1.76e-15,1.57e-14,,,,,all,all,Scope 1,cropland;glass or high accessible cover;permanent pasture,,,,,,Cycle,5
co2ToAirSoilFlux,"CO2, to air, soil flux",false,,,,1,1,1,1.41e-06,,1.25e-05,,4.28e-07,,3.81e-06,,false,co2ToAirInputsProduction,all,,,,,,,,,,,,,,,,,5.47e-16,1.76e-15,4.87e-15,1.57e-14,1.76e-15,1.57e-14,,,,,all,all,Scope 1,forest;other natural vegetation;cropland;glass or high accessible cover;permanent pasture,,,,,,Cycle,5
co2ToAirWasteTreatment,"CO2, to air, waste treatment",false,,,,1,1,1,1.41e-06,,1.25e-05,,4.28e-07,,3.81e-06,,false,co2ToAirInputsProduction,all,Emissions (non-land),Fugitive emissions,,,,,,,,,,,,,,,5.47e-16,1.76e-15,4.87e-15,1.57e-14,1.76e-15,1.57e-14,,,,,all,all,Scope 1,all,,,,,,Cycle,5
codToWaterIndustrialProcesses,"COD, to water, industrial processes",false,,,,,,,,,,,,,,,false,codToWaterInputsProduction,all,,,,,,,,,,,,,,,,,,,,,,,,,,0.022,all,all,Scope 1,agri-food processor,,,,,,Cycle;Transformation,5
codToWaterInputsProduction,"COD, to water, inputs production",false,,,,,,,,,,,,,,,false,codToWaterInputsProduction,all,,,,,,,,,,,,,,,,,,,,,,,,,,0.022,all,all,Scope 2/3,all,,,,,,Cycle;Transformation;Transport,5
dichlorodifluoromethaneToAirIndustrialProcesses,"Dichlorodifluoromethane, to air, industrial processes",false,0.82,0.587,0.421,10200,11547,11200,0.0143,0.000137,0.0339,0.0011,0.00436,0.000312,0.0103,0.000485,false,dichlorodifluoromethaneToAirInputsProduction,all,Emissions (non-land),Process emissions,,,,,,,,,,,0.73,,,,5.58e-12,1.8e-11,1.32e-11,4.25e-11,1.8e-11,4.25e-11,,,,,all,all,Scope 2/3,agri-food processor,,,,,,Cycle;Transformation;Transport,5
dichlorodifluoromethaneToAirInputsProduction,"Dichlorodifluoromethane, to air, inputs production",false,0.82,0.587,0.421,10200,11547,11200,0.0143,0.000137,0.0339,0.0011,0.00436,0.000312,0.0103,0.000485,true,dichlorodifluoromethaneToAirInputsProduction,all,Emissions (non-land),,,,,,,,,,,,0.73,,,,5.58e-12,1.8e-11,1.32e-11,4.25e-11,1.8e-11,4.25e-11,,,,,all,all,Scope 2/3,all,,,,,,Cycle;Transformation;Transport,5
dichlorotetrafluoroethaneToAirIndustrialProcesses,"Dichlorotetrafluoroethane, to air, industrial processes",false,,,,,,,,,,,,,,,false,dichlorotetrafluoroethaneToAirInputsProduction,all,,,,,,,,,,,,,0.5,,,,,,,,,,,,,,all,all,Scope 2/3,agri-food processor,,,,,,Cycle,5
dichlorotetrafluoroethaneToAirInputsProduction,"Dichlorotetrafluoroethane, to air, inputs production",false,,,,,,,,,,,,,,,false,dichlorotetrafluoroethaneToAirInputsProduction,all,,,,,,,,,,,,,0.5,,,,,,,,,,,,,,all,all,Scope 2/3,all,,,,,,Cycle,5
dibromodifluoromethaneToAirIndustrialProcesses,"Dibromodifluoromethane, to air, industrial processes",false,,,,,,,,,,,,,,,false,dibromodifluoromethaneToAirInputsProduction,all,,,,,,,,,,,,,1.7,,,,,,,,,,,,,,all,all,Scope 2/3,agri-food processor,,,,,,Cycle,5
dibromodifluoromethaneToAirInputsProduction,"Dibromodifluoromethane, to air, inputs production",false,,,,,,,,,,,,,,,false,dibromodifluoromethaneToAirInputsProduction,all,,,,,,,,,,,,,1.7,,,,,,,,,,,,,,all,all,Scope 2/3,all,,,,,,Cycle,5
h2SToAirIndustrialProcesses,"H2S, to air, industrial processes",false,,,,,,,,,,,,,,,false,h2SToAirInputsProduction,all,,,,,,,,,,,,,,,,,,,,,,,,,,,all,all,Scope 1,agri-food processor,,,,0.65,0.783673469387755,Cycle;Transformation,5
h2SToAirInputsProduction,"H2S, to air, inputs production",false,,,,,,,,,,,,,,,false,h2SToAirInputsProduction,all,,,,,,,,,,,,,,,,,,,,,,,,,,,all,all,Scope 2/3,all,,,,0.65,0.783673469387755,Cycle;Transformation;Transport,5
h2SToAirWasteTreatment,"H2S, to air, waste treatment",false,,,,,,,,,,,,,,,true,h2SToAirInputsProduction,all,,,,,,,,,,,,,,,,,,,,,,,,,,,oilPalmFruit;oilPalmFrond;oilPalmWood;oilPalmShell;oilPalmKernel;oilPalmKernelMeal;oilPalmKernelOilCrude;oilPalmKernelOilRefined;oilPalmMillEffluent;oilPalmMillEffluentDecanted;oilPalmPressFibre;oilPalmOilCrude;oilPalmOilRefined;oilPalmFattyAcidDistillate;oilPalmStockSoap,all,Scope 1,all,,,,0.65,0.783673469387755,Cycle;Transformation;Transport,5
halothaneToAirIndustrialProcesses,"Halothane, to air, industrial processes",false,,,,,,,,,,,,,,,false,halothaneToAirInputsProduction,all,,,,,,,,,,,,,0.14,,,,,,,,,,,,,,all,all,Scope 2/3,agri-food processor,,,,,,Cycle,5
halothaneToAirInputsProduction,"Halothane, to air, inputs production",false,,,,,,,,,,,,,,,false,halothaneToAirInputsProduction,all,,,,,,,,,,,,,0.14,,,,,,,,,,,,,,all,all,Scope 2/3,all,,,,,,Cycle,5
hcfc124ToAirIndustrialProcesses,"HCFC-124, to air, industrial processes",false,,,,,,,,,,,,,,,false,hcfc124ToAirInputsProduction,all,,,,,,,,,,,,,0.022,,,,,,,,,,,,,,all,all,Scope 2/3,agri-food processor,,,,,,Cycle,5
hcfc124ToAirInputsProduction,"HCFC-124, to air, inputs production",false,,,,,,,,,,,,,,,false,hcfc124ToAirInputsProduction,all,,,,,,,,,,,,,0.022,,,,,,,,,,,,,,all,all,Scope 2/3,all,,,,,,Cycle,5
hexaneToAirIndustrialProcesses,"Hexane, to air, industrial processes",false,,,,,,,,,,,,,,,false,hexaneToAirInputsProduction,all,,,,,,0.11,0.15,0.11,0.15,0.11,0.15,,,,,,,,,,,,,,,,all,all,Scope 1,agri-food processor,,,,,,Cycle;Transformation,5
hexaneToAirInputsProduction,"Hexane, to air, inputs production",false,,,,,,,,,,,,,,,false,hexaneToAirInputsProduction,all,,,,,,0.11,0.15,0.11,0.15,0.11,0.15,,,,,,,,,,,,,,,,all,all,Scope 2/3,all,,,,,,Cycle;Transformation;Transport,5
hydroxylamineToAirIndustrialProcesses,"Hydroxylamine, to air, industrial processes",false,,,,,,,,,,,,,,,false,hydroxylamineToAirInputsProduction,all,,,,,,,,,,,,,,,,,,,,,,,,,,,all,all,Scope 2/3,agri-food processor,,,,,,Cycle,5
hydroxylamineToAirInputsProduction,"Hydroxylamine, to air, inputs production",false,,,,,,,,,,,,,,,false,hydroxylamineToAirInputsProduction,all,,,,,,,,,,,,,,,,,,,,,,,,,,,all,all,Scope 2/3,all,,,,,,Cycle,5
nErosionInputsProduction,"N, erosion, inputs production",false,,,,,,,,,,,,,,,true,nErosionInputsProduction,all,,,0.3,0.3,0.3,,,,,,,,,,,,,,,,,,,,,0.42,all,all,Scope 2/3,all,,,,,,Cycle;Transformation;Transport,5
nErosionSoilFlux,"N, erosion, soil flux",false,,,,,,,,,,,,,,,false,nErosionInputsProduction,all,,,0.3,0.3,0.3,,,,,,,,,,,,,,,,,,,,,0.42,all,all,Scope 1,forest;other natural vegetation;cropland;glass or high accessible cover;permanent pasture,,,,,,Cycle,5
nToSurfaceWaterExcreta,"N, to surface water, excreta",true,,,,,,,,,,,,,,,false,nToSurfaceWaterInputsProduction,excreta,,,0.3,0.3,0.3,,,,,,,,,,,,,,,,,,,,,0.42,all,all,Scope 1,cropland;permanent pasture;animal housing;pond;river or stream;lake;sea or ocean,,,,,,Cycle;Transformation,5
nToSurfaceWaterSoilFlux,"N, to surface water, soil flux",false,,,,,,,,,,,,,,,false,nToSurfaceWaterInputsProduction,all,,,0.3,0.3,0.3,,,,,,,,,,,,,,,,,,,,,0.42,all,all,Scope 1,forest;other natural vegetation;cropland;glass or high accessible cover;permanent pasture,,,,,,Cycle,5
nToSurfaceWaterAquacultureSystems,"N, to surface water, aquaculture systems",false,,,,,,,,,,,,,,,true,nToSurfaceWaterInputsProduction,all,,,0.3,0.3,0.3,,,,,,,,,,,,,,,,,,,,,0.42,all,liveAquaticSpecies,Scope 1,pond;river or stream;lake;sea or ocean,,,,,,Cycle,5
nToSurfaceWaterIndustrialProcesses,"N, to surface water, industrial processes",false,,,,,,,,,,,,,,,false,nToSurfaceWaterInputsProduction,all,,,0.3,0.3,0.3,,,,,,,,,,,,,,,,,,,,,0.42,all,all,Scope 2/3,agri-food processor,,,,,,Cycle;Transformation;Transport,5
nToSurfaceWaterInputsProduction,"N, to surface water, inputs production",false,,,,,,,,,,,,,,,true,nToSurfaceWaterInputsProduction,all,,,0.3,0.3,0.3,,,,,,,,,,,,,,,,,,,,,0.42,all,all,Scope 2/3,all,,,,,,Cycle;Transformation;Transport,5
n2ToAirAquacultureSystems,"N2, to air, aquaculture systems",false,,,,,,,,,,,,,,,true,,all,,,,,,,,,,,,,,,,,,,,,,,,,,,all,liveAquaticSpecies,Scope 1,pond;river or stream;lake;sea or ocean,,,,,,Cycle,5
n2ToAirCropResidueDecomposition,"N2, to air, crop residue decomposition",false,,,,,,,,,,,,,,,false,,all,,,,,,,,,,,,,,,,,,,,,,,,,,,all,all,Scope 1,cropland;glass or high accessible cover,,,,,,Cycle,5
n2ToAirExcreta,"N2, to air, excreta",true,,,,,,,,,,,,,,,false,,excreta,,,,,,,,,,,,,,,,,,,,,,,,,,,all,all,Scope 1,cropland;permanent pasture;animal housing;pond;river or stream;lake;sea or ocean,,,,,,Cycle;Transformation,5
n2ToAirInorganicFertiliser,"N2, to air, inorganic fertiliser",false,,,,,,,,,,,,,,,false,,all,,,,,,,,,,,,,,,,,,,,,,,,,,,all,all,Scope 1,cropland;glass or high accessible cover;permanent pasture,,,,,,Cycle,5
n2ToAirOrganicFertiliser,"N2, to air, organic fertiliser",false,,,,,,,,,,,,,,,false,,all,,,,,,,,,,,,,,,,,,,,,,,,,,,all,all,Scope 1,cropland;glass or high accessible cover;permanent pasture,,,,,,Cycle,5
n2ToAirSoilFlux,"N2, to air, soil flux",false,,,,,,,,,,,,,,,false,,all,,,,,,,,,,,,,,,,,,,,,,,,,,,all,all,Scope 1,forest;other natural vegetation;cropland;glass or high accessible cover;permanent pasture,,,,,,Cycle,5
n2ToAirWasteTreatment,"N2, to air, waste treatment",false,,,,,,,,,,,,,,,false,,all,,,,,,,,,,,,,,,,,,,,,,,,,,,all,all,Scope 1,all,,,,,,Cycle;Transformation,5
n2OToAirAquacultureSystemsDirect,"N2O, to air, aquaculture systems, direct",false,0.017,0.011,0.007,265,298,273,0.000372,2.48e-06,0.000986,2.29e-05,0.000113,5.64e-06,0.0003,1e-05,true,n2OToAirInputsProduction,all,Emissions (land),Land management non-CO2 emissions,,,,,,,,,,,,,,,1.45e-13,4.66e-13,3.84e-13,1.24e-12,4.66e-13,1.24e-12,,,,0.27,all,liveAquaticSpecies,Scope 1,pond;river or stream;lake;sea or ocean,,,,,,Cycle,5
n2OToAirAquacultureSystemsIndirect,"N2O, to air, aquaculture systems, indirect",false,0.017,0.011,0.007,265,298,273,0.000372,2.48e-06,0.000986,2.29e-05,0.000113,5.64e-06,0.0003,1e-05,true,n2OToAirInputsProduction,all,Emissions (land),Land management non-CO2 emissions,,,,,,,,,,,,,,,1.45e-13,4.66e-13,3.84e-13,1.24e-12,4.66e-13,1.24e-12,,,,0.27,all,liveAquaticSpecies,Scope 1,pond;river or stream;lake;sea or ocean,,,,,,Cycle,5
n2OToAirBackgroundSoilFluxDirect,"N2O, to air, background soil flux, direct",false,0.017,0.011,0.007,265,298,273,0.000372,2.48e-06,0.000986,2.29e-05,0.000113,5.64e-06,0.0003,1e-05,false,n2OToAirInputsProduction,all,,,,,,,,,,,,,,,,,1.45e-13,4.66e-13,3.84e-13,1.24e-12,4.66e-13,1.24e-12,,,,0.27,all,all,Scope 1,forest;other natural vegetation;cropland;glass or high accessible cover;permanent pasture,,,,,,Cycle,5
n2OToAirCropResidueBurningDirect,"N2O, to air, crop residue burning, direct",false,0.017,0.011,0.007,265,298,273,0.000372,2.48e-06,0.000986,2.29e-05,0.000113,5.64e-06,0.0003,1e-05,true,n2OToAirInputsProduction,all,Emissions (land),Land management non-CO2 emissions,,,,,,,,,,,,,,,1.45e-13,4.66e-13,3.84e-13,1.24e-12,4.66e-13,1.24e-12,,,,0.27,all,all,Scope 1,cropland;glass or high accessible cover,,,,,,Cycle,5
n2OToAirCropResidueBurningIndirect,"N2O, to air, crop residue burning, indirect",false,0.017,0.011,0.007,265,298,273,0.000372,2.48e-06,0.000986,2.29e-05,0.000113,5.64e-06,0.0003,1e-05,false,n2OToAirInputsProduction,all,Emissions (land),Land management non-CO2 emissions,,,,,,,,,,,,,,,1.45e-13,4.66e-13,3.84e-13,1.24e-12,4.66e-13,1.24e-12,,,,0.27,all,all,Scope 1,cropland;glass or high accessible cover,,,,,,Cycle,5
n2OToAirCropResidueDecompositionDirect,"N2O, to air, crop residue decomposition, direct",false,0.017,0.011,0.007,265,298,273,0.000372,2.48e-06,0.000986,2.29e-05,0.000113,5.64e-06,0.0003,1e-05,true,n2OToAirInputsProduction,all,Emissions (land),Land management non-CO2 emissions,,,,,,,,,,,,,,,1.45e-13,4.66e-13,3.84e-13,1.24e-12,4.66e-13,1.24e-12,,,,0.27,all,all,Scope 1,cropland;glass or high accessible cover,,,,,,Cycle,5
n2OToAirCropResidueDecompositionIndirect,"N2O, to air, crop residue decomposition, indirect",false,0.017,0.011,0.007,265,298,273,0.000372,2.48e-06,0.000986,2.29e-05,0.000113,5.64e-06,0.0003,1e-05,true,n2OToAirInputsProduction,all,Emissions (land),Land management non-CO2 emissions,,,,,,,,,,,,,,,1.45e-13,4.66e-13,3.84e-13,1.24e-12,4.66e-13,1.24e-12,,,,0.27,all,all,Scope 1,cropland;glass or high accessible cover,,,,,,Cycle,5
n2OToAirDiminishingSoilCarbonStocksManagementChangeDirect,"N2O, to air, diminishing soil carbon stocks, management change, direct",false,0.017,0.011,0.007,265,298,273,0.000372,2.48e-06,0.000986,2.29e-05,0.000113,5.64e-06,0.0003,1e-05,false,n2OToAirInputsProduction,all,Emissions (land) / Removals,Land management net CO2 emissions / Land management net removals,,,,,,,,,,,,,,,1.45e-13,4.66e-13,3.84e-13,1.24e-12,4.66e-13,1.24e-12,,,,0.27,all,all,Scope 1,forest;other natural vegetation;cropland;glass or high accessible cover;permanent pasture,,,,,,Cycle,5
n2OToAirDiminishingSoilCarbonStocksLandUseChangeDirect,"N2O, to air, diminishing soil carbon stocks, land use change, direct",false,0.017,0.011,0.007,265,298,273,0.000372,2.48e-06,0.000986,2.29e-05,0.000113,5.64e-06,0.0003,1e-05,false,n2OToAirInputsProduction,all,Emissions (land) / Removals,Land use change emissions,,,,,,,,,,,,,,,1.45e-13,4.66e-13,3.84e-13,1.24e-12,4.66e-13,1.24e-12,,,,0.27,all,all,Scope 1,forest;other natural vegetation;cropland;glass or high accessible cover;permanent pasture,,,,,,Cycle,5
n2OToAirExcretaDirect,"N2O, to air, excreta, direct",true,0.017,0.011,0.007,265,298,273,0.000372,2.48e-06,0.000986,2.29e-05,0.000113,5.64e-06,0.0003,1e-05,true,n2OToAirInputsProduction,excreta,Emissions (land),Land management non-CO2 emissions,,,,,,,,,,,,,,,1.45e-13,4.66e-13,3.84e-13,1.24e-12,4.66e-13,1.24e-12,,,,0.27,all,all,Scope 1,cropland;permanent pasture;animal housing;pond;river or stream;lake;sea or ocean,,,,,,Cycle;Transformation,5
n2OToAirExcretaIndirect,"N2O, to air, excreta, indirect",false,0.017,0.011,0.007,265,298,273,0.000372,2.48e-06,0.000986,2.29e-05,0.000113,5.64e-06,0.0003,1e-05,true,n2OToAirInputsProduction,excreta,Emissions (land),Land management non-CO2 emissions,,,,,,,,,,,,,,,1.45e-13,4.66e-13,3.84e-13,1.24e-12,4.66e-13,1.24e-12,,,,0.27,all,all,Scope 1,cropland;permanent pasture;animal housing;pond;river or stream;lake;sea or ocean,,,,,,Cycle;Transformation,5
n2OToAirFuelCombustionDirect,"N2O, to air, fuel combustion, direct",false,0.017,0.011,0.007,265,298,273,0.000372,2.48e-06,0.000986,2.29e-05,0.000113,5.64e-06,0.0003,1e-05,true,n2OToAirInputsProduction,all,Emissions (non-land),Stationary/Mobile combustion emissions,,,,,,,,,,,,,,,1.45e-13,4.66e-13,3.84e-13,1.24e-12,4.66e-13,1.24e-12,,,,0.27,all,all,Scope 1,all,,,,,,Cycle;Transformation;Transport,5
n2OToAirFuelCombustionIndirect,"N2O, to air, fuel combustion, indirect",false,0.017,0.011,0.007,265,298,273,0.000372,2.48e-06,0.000986,2.29e-05,0.000113,5.64e-06,0.0003,1e-05,false,n2OToAirInputsProduction,all,Emissions (non-land),Stationary/Mobile combustion emissions,,,,,,,,,,,,,,,1.45e-13,4.66e-13,3.84e-13,1.24e-12,4.66e-13,1.24e-12,,,,0.27,all,all,Scope 1,all,,,,,,Cycle;Transformation;Transport,5
n2OToAirIndustrialProcessesDirect,"N2O, to air, industrial processes, direct",false,0.017,0.011,0.007,265,298,273,0.000372,2.48e-06,0.000986,2.29e-05,0.000113,5.64e-06,0.0003,1e-05,false,n2OToAirInputsProduction,all,Emissions (non-land),Process emissions,,,,,,,,,,,,,,,1.45e-13,4.66e-13,3.84e-13,1.24e-12,4.66e-13,1.24e-12,,,,0.27,all,all,Scope 2/3,agri-food processor,,,,,,Cycle;Transformation;Transport,5
n2OToAirInorganicFertiliserDirect,"N2O, to air, inorganic fertiliser, direct",false,0.017,0.011,0.007,265,298,273,0.000372,2.48e-06,0.000986,2.29e-05,0.000113,5.64e-06,0.0003,1e-05,true,n2OToAirInputsProduction,all,Emissions (land),Land management non-CO2 emissions,,,,,,,,,,,,,,,1.45e-13,4.66e-13,3.84e-13,1.24e-12,4.66e-13,1.24e-12,,,,0.27,all,all,Scope 1,cropland;glass or high accessible cover;permanent pasture,,,,,,Cycle,5
n2OToAirInorganicFertiliserIndirect,"N2O, to air, inorganic fertiliser, indirect",false,0.017,0.011,0.007,265,298,273,0.000372,2.48e-06,0.000986,2.29e-05,0.000113,5.64e-06,0.0003,1e-05,true,n2OToAirInputsProduction,all,Emissions (land),Land management non-CO2 emissions,,,,,,,,,,,,,,,1.45e-13,4.66e-13,3.84e-13,1.24e-12,4.66e-13,1.24e-12,,,,0.27,all,all,Scope 1,cropland;glass or high accessible cover;permanent pasture,,,,,,Cycle,5
n2OToAirInputsProduction,"N2O, to air, inputs production",false,0.017,0.011,0.007,265,298,273,0.000372,2.48e-06,0.000986,2.29e-05,0.000113,5.64e-06,0.0003,1e-05,true,n2OToAirInputsProduction,all,Emissions (land/non-land),,,,,,,,,,,,,,,,1.45e-13,4.66e-13,3.84e-13,1.24e-12,4.66e-13,1.24e-12,,,,0.27,all,all,Scope 2/3,all,,,,,,Cycle;Transformation;Transport,5
n2OToAirNaturalVegetationBurningDirect,"N2O, to air, natural vegetation burning, direct",false,0.017,0.011,0.007,265,298,273,0.000372,2.48e-06,0.000986,2.29e-05,0.000113,5.64e-06,0.0003,1e-05,true,n2OToAirInputsProduction,all,Emissions (land),Land use change emissions,,,,,,,,,,,,,,,1.45e-13,4.66e-13,3.84e-13,1.24e-12,4.66e-13,1.24e-12,,,,0.27,all,all,Scope 1,forest;other natural vegetation;cropland;glass or high accessible cover;permanent pasture,,,,,,Cycle,5
n2OToAirNaturalVegetationBurningIndirect,"N2O, to air, natural vegetation burning, indirect",false,0.017,0.011,0.007,265,298,273,0.000372,2.48e-06,0.000986,2.29e-05,0.000113,5.64e-06,0.0003,1e-05,false,n2OToAirInputsProduction,all,Emissions (land),Land use change emissions,,,,,,,,,,,,,,,1.45e-13,4.66e-13,3.84e-13,1.24e-12,4.66e-13,1.24e-12,,,,0.27,all,all,Scope 1,forest;other natural vegetation;cropland;glass or high accessible cover;permanent pasture,,,,,,Cycle,5
n2OToAirOrganicFertiliserDirect,"N2O, to air, organic fertiliser, direct",false,0.017,0.011,0.007,265,298,273,0.000372,2.48e-06,0.000986,2.29e-05,0.000113,5.64e-06,0.0003,1e-05,true,n2OToAirInputsProduction,all,Emissions (land),Land management non-CO2 emissions,,,,,,,,,,,,,,,1.45e-13,4.66e-13,3.84e-13,1.24e-12,4.66e-13,1.24e-12,,,,0.27,all,all,Scope 1,cropland;glass or high accessible cover;permanent pasture,,,,,,Cycle,5
n2OToAirOrganicFertiliserIndirect,"N2O, to air, organic fertiliser, indirect",false,0.017,0.011,0.007,265,298,273,0.000372,2.48e-06,0.000986,2.29e-05,0.000113,5.64e-06,0.0003,1e-05,true,n2OToAirInputsProduction,all,Emissions (land),Land management non-CO2 emissions,,,,,,,,,,,,,,,1.45e-13,4.66e-13,3.84e-13,1.24e-12,4.66e-13,1.24e-12,,,,0.27,all,all,Scope 1,cropland;glass or high accessible cover;permanent pasture,,,,,,Cycle,5
n2OToAirOrganicSoilBurningDirect,"N2O, to air, organic soil burning, direct",false,0.017,0.011,0.007,265,298,273,0.000372,2.48e-06,0.000986,2.29e-05,0.000113,5.64e-06,0.0003,1e-05,false,n2OToAirInputsProduction,all,Emissions (land),Land use change emissions,,,,,,,,,,,,,,,1.45e-13,4.66e-13,3.84e-13,1.24e-12,4.66e-13,1.24e-12,,,,0.27,all,all,Scope 1,forest;other natural vegetation;cropland;glass or high accessible cover;permanent pasture,,,,,,Cycle,5
n2OToAirOrganicSoilBurningIndirect,"N2O, to air, organic soil burning, indirect",false,0.017,0.011,0.007,265,298,273,0.000372,2.48e-06,0.000986,2.29e-05,0.000113,5.64e-06,0.0003,1e-05,false,n2OToAirInputsProduction,all,Emissions (land),Land use change emissions,,,,,,,,,,,,,,,1.45e-13,4.66e-13,3.84e-13,1.24e-12,4.66e-13,1.24e-12,,,,0.27,all,all,Scope 1,forest;other natural vegetation;cropland;glass or high accessible cover;permanent pasture,,,,,,Cycle,5
n2OToAirOrganicSoilCultivationDirect,"N2O, to air, organic soil cultivation, direct",false,0.017,0.011,0.007,265,298,273,0.000372,2.48e-06,0.000986,2.29e-05,0.000113,5.64e-06,0.0003,1e-05,false,n2OToAirInputsProduction,all,Emissions (land),Land management non-CO2 emissions,,,,,,,,,,,,,,,1.45e-13,4.66e-13,3.84e-13,1.24e-12,4.66e-13,1.24e-12,,,,0.27,all,all,Scope 1,forest;other natural vegetation;cropland;glass or high accessible cover;permanent pasture,,,,,,Cycle,5
n2OToAirOrganicSoilCultivationIndirect,"N2O, to air, organic soil cultivation, indirect",false,0.017,0.011,0.007,265,298,273,0.000372,2.48e-06,0.000986,2.29e-05,0.000113,5.64e-06,0.0003,1e-05,false,n2OToAirInputsProduction,all,Emissions (land),Land management non-CO2 emissions,,,,,,,,,,,,,,,1.45e-13,4.66e-13,3.84e-13,1.24e-12,4.66e-13,1.24e-12,,,,0.27,all,all,Scope 1,forest;other natural vegetation;cropland;glass or high accessible cover;permanent pasture,,,,,,Cycle,5
n2OToAirSoilFlux,"N2O, to air, soil flux",false,0.017,0.011,0.007,265,298,273,0.000372,2.48e-06,0.000986,2.29e-05,0.000113,5.64e-06,0.0003,1e-05,false,n2OToAirInputsProduction,all,,,,,,,,,,,,,,,,,1.45e-13,4.66e-13,3.84e-13,1.24e-12,4.66e-13,1.24e-12,,,,0.27,all,all,Scope 1,forest;other natural vegetation;cropland;glass or high accessible cover;permanent pasture,,,,,,Cycle,5
n2OToAirWasteTreatmentDirect,"N2O, to air, waste treatment, direct",false,0.017,0.011,0.007,265,298,273,0.000372,2.48e-06,0.000986,2.29e-05,0.000113,5.64e-06,0.0003,1e-05,false,n2OToAirInputsProduction,all,Emissions (non-land),Fugitive emissions,,,,,,,,,,,,,,,1.45e-13,4.66e-13,3.84e-13,1.24e-12,4.66e-13,1.24e-12,,,,0.27,all,all,Scope 1,all,,,,,,Cycle;Transformation,5
n2OToAirWasteTreatmentIndirect,"N2O, to air, waste treatment, indirect",false,0.017,0.011,0.007,265,298,273,0.000372,2.48e-06,0.000986,2.29e-05,0.000113,5.64e-06,0.0003,1e-05,false,n2OToAirInputsProduction,all,Emissions (non-land),Fugitive emissions,,,,,,,,,,,,,,,1.45e-13,4.66e-13,3.84e-13,1.24e-12,4.66e-13,1.24e-12,,,,0.27,all,all,Scope 1,all,,,,,,Cycle;Transformation,5
nf3ToAirIndustrialProcesses,"NF3, to air, industrial processes",false,0,0,0,16100,17885,17400,,,0.160418546195986,,0.00688880570717131,,,,false,nf3ToAirInputsProduction,all,Emissions (non-land),Process emissions,,,,,,,,,,,,,,,,2.83332786894799e-11,6.24346536935295e-11,2.0087671188353e-10,2.83332786894799e-11,2.0087671188353e-10,,,,,all,all,Scope 1,agri-food processor,,,,,,Cycle;Transformation,5
nf3ToAirInputsProduction,"NF3, to air, inputs production",false,0,0,0,16100,17885,17400,,,0.160418546195986,,0.00688880570717131,,,,false,nf3ToAirInputsProduction,all,Emissions (non-land),,,,,,,,,,,,,,,,,2.83332786894799e-11,6.24346536935295e-11,2.0087671188353e-10,2.83332786894799e-11,2.0087671188353e-10,,,,,all,all,Scope 2/3,all,,,,,,Cycle;Transformation;Transport,5
nh3ToAirAquacultureSystems,"NH3, to air, aquaculture systems",false,,,,,,,,,,,,,,,true,nh3ToAirInputsProduction,all,,,0.24,0.24,0.24,,,,,,,4.3,,,,,,,,,,,0.24,0.24,,0.35,all,liveAquaticSpecies,Scope 1,pond;river or stream;lake;sea or ocean,1.96,1.96,1.96,1.88,1.6,Cycle,5
nh3ToAirCropResidueBurning,"NH3, to air, crop residue burning",false,,,,,,,,,,,,,,,true,nh3ToAirInputsProduction,all,,,0.24,0.24,0.24,,,,,,,4.3,,,,,,,,,,,0.24,0.24,,0.35,all,all,Scope 1,cropland;glass or high accessible cover,1.96,1.96,1.96,1.88,1.6,Cycle,5
nh3ToAirCropResidueDecomposition,"NH3, to air, crop residue decomposition",false,,,,,,,,,,,,,,,true,nh3ToAirInputsProduction,all,,,0.24,0.24,0.24,,,,,,,4.3,,,,,,,,,,,0.24,0.24,,0.35,all,all,Scope 1,cropland;glass or high accessible cover,1.96,1.96,1.96,1.88,1.6,Cycle,5
nh3ToAirExcreta,"NH3, to air, excreta",true,,,,,,,,,,,,,,,true,nh3ToAirInputsProduction,excreta,,,0.24,0.24,0.24,,,,,,,4.3,,,,,,,,,,,0.24,0.24,,0.35,all,all,Scope 1,cropland;permanent pasture;animal housing;pond;river or stream;lake;sea or ocean,1.96,1.96,1.96,1.88,1.6,Cycle;Transformation,5
nh3ToAirFuelCombustion,"NH3, to air, fuel combustion",false,,,,,,,,,,,,,,,false,nh3ToAirInputsProduction,all,,,0.24,0.24,0.24,,,,,,,4.3,,,,,,,,,,,0.24,0.24,,0.35,all,all,Scope 1,all,1.96,1.96,1.96,1.88,1.6,Cycle;Transformation;Transport,5
nh3ToAirIndustrialProcesses,"NH3, to air, industrial processes",false,,,,,,,,,,,,,,,false,nh3ToAirInputsProduction,all,,,0.24,0.24,0.24,,,,,,,4.3,,,,,,,,,,,0.24,0.24,,0.35,all,all,Scope 2/3,agri-food processor,1.96,1.96,1.96,1.88,1.6,Cycle;Transformation;Transport,5
nh3ToAirInorganicFertiliser,"NH3, to air, inorganic fertiliser",false,,,,,,,,,,,,,,,true,nh3ToAirInputsProduction,all,,,0.24,0.24,0.24,,,,,,,4.3,,,,,,,,,,,0.24,0.24,,0.35,all,all,Scope 1,cropland;glass or high accessible cover;permanent pasture,1.96,1.96,1.96,1.88,1.6,Cycle,5
nh3ToAirInputsProduction,"NH3, to air, inputs production",false,,,,,,,,,,,,,,,true,nh3ToAirInputsProduction,all,,,0.24,0.24,0.24,,,,,,,4.3,,,,,,,,,,,0.24,0.24,,0.35,all,all,Scope 2/3,all,1.96,1.96,1.96,1.88,1.6,Cycle;Transformation;Transport,5
nh3ToAirNaturalVegetationBurning,"NH3, to air, natural vegetation burning",false,,,,,,,,,,,,,,,false,nh3ToAirInputsProduction,all,,,0.24,0.24,0.24,,,,,,,4.3,,,,,,,,,,,0.24,0.24,,0.35,all,all,Scope 1,forest;other natural vegetation;cropland;glass or high accessible cover;permanent pasture,1.96,1.96,1.96,1.88,1.6,Cycle,5
nh3ToAirOrganicFertiliser,"NH3, to air, organic fertiliser",false,,,,,,,,,,,,,,,true,nh3ToAirInputsProduction,all,,,0.24,0.24,0.24,,,,,,,4.3,,,,,,,,,,,0.24,0.24,,0.35,all,all,Scope 1,cropland;glass or high accessible cover;permanent pasture,1.96,1.96,1.96,1.88,1.6,Cycle,5
nh3ToAirOrganicSoilBurning,"NH3, to air, organic soil burning",false,,,,,,,,,,,,,,,false,nh3ToAirInputsProduction,all,,,0.24,0.24,0.24,,,,,,,4.3,,,,,,,,,,,0.24,0.24,,0.35,all,all,Scope 1,forest;other natural vegetation;cropland;glass or high accessible cover;permanent pasture,1.96,1.96,1.96,1.88,1.6,Cycle,5
nh3ToAirOrganicSoilCultivation,"NH3, to air, organic soil cultivation",false,,,,,,,,,,,,,,,false,nh3ToAirInputsProduction,all,,,0.24,0.24,0.24,,,,,,,4.3,,,,,,,,,,,0.24,0.24,,0.35,all,all,Scope 1,forest;other natural vegetation;cropland;glass or high accessible cover;permanent pasture,1.96,1.96,1.96,1.88,1.6,Cycle,5
nh3ToAirSoilFlux,"NH3, to air, soil flux",false,,,,,,,,,,,,,,,false,nh3ToAirInputsProduction,all,,,0.24,0.24,0.24,,,,,,,4.3,,,,,,,,,,,0.24,0.24,,0.35,all,all,Scope 1,forest;other natural vegetation;cropland;glass or high accessible cover;permanent pasture,1.96,1.96,1.96,1.88,1.6,Cycle,5
nh3ToAirWasteTreatment,"NH3, to air, waste treatment",false,,,,,,,,,,,,,,,false,nh3ToAirInputsProduction,all,,,0.24,0.24,0.24,,,,,,,4.3,,,,,,,,,,,0.24,0.24,,0.35,all,all,Scope 1,all,1.96,1.96,1.96,1.88,1.6,Cycle;Transformation,5
nh4ToAirIndustrialProcesses,"NH4, to air, industrial processes",false,,,,,,,,,,,,,,,false,nh4ToAirInputsProduction,all,,,,,,,,,,,,,,,,,,,,,,,,,,,all,all,Scope 2/3,agri-food processor,,,,,,Cycle,5
nh4ToAirInputsProduction,"NH4, to air, inputs production",false,,,,,,,,,,,,,,,false,nh4ToAirInputsProduction,all,,,,,,,,,,,,,,,,,,,,,,,,,,,all,all,Scope 2/3,all,,,,,,Cycle,5
nh4ToGroundwaterCropResidueDecomposition,"NH4, to groundwater, crop residue decomposition",false,,,,,,,,,,,,,,,false,nh4ToGroundwaterInputsProduction,all,,,0.23,0.23,0.23,,,,,,,,,,,,,,,,,,,,,0.33,all,all,Scope 1,cropland;glass or high accessible cover,,,,,,Cycle,5
nh4ToGroundwaterExcreta,"NH4, to groundwater, excreta",true,,,,,,,,,,,,,,,false,nh4ToGroundwaterInputsProduction,excreta,,,0.23,0.23,0.23,,,,,,,,,,,,,,,,,,,,,0.33,all,all,Scope 1,cropland;permanent pasture;animal housing;pond;river or stream;lake;sea or ocean,,,,,,Cycle;Transformation,5
nh4ToGroundwaterIndustrialProcesses,"NH4, to groundwater, industrial processes",false,,,,,,,,,,,,,,,false,nh4ToGroundwaterInputsProduction,all,,,0.23,0.23,0.23,,,,,,,,,,,,,,,,,,,,,0.33,all,all,Scope 2/3,agri-food processor,,,,,,Cycle;Transformation;Transport,5
nh4ToGroundwaterInorganicFertiliser,"NH4, to groundwater, inorganic fertiliser",false,,,,,,,,,,,,,,,false,nh4ToGroundwaterInputsProduction,all,,,0.23,0.23,0.23,,,,,,,,,,,,,,,,,,,,,0.33,all,all,Scope 1,cropland;glass or high accessible cover;permanent pasture,,,,,,Cycle,5
nh4ToGroundwaterOrganicFertiliser,"NH4, to groundwater, organic fertiliser",false,,,,,,,,,,,,,,,false,nh4ToGroundwaterInputsProduction,all,,,0.23,0.23,0.23,,,,,,,,,,,,,,,,,,,,,0.33,all,all,Scope 1,cropland;glass or high accessible cover;permanent pasture,,,,,,Cycle,5
nh4ToGroundwaterSoilFlux,"NH4, to groundwater, soil flux",false,,,,,,,,,,,,,,,false,nh4ToGroundwaterInputsProduction,all,,,0.23,0.23,0.23,,,,,,,,,,,,,,,,,,,,,0.33,all,all,Scope 1,forest;other natural vegetation;cropland;glass or high accessible cover;permanent pasture,,,,,,Cycle,5
nh4ToGroundwaterInputsProduction,"NH4, to groundwater, inputs production",false,,,,,,,,,,,,,,,false,nh4ToGroundwaterInputsProduction,all,,,0.23,0.23,0.23,,,,,,,,,,,,,,,,,,,,,0.33,all,all,Scope 2/3,all,,,,,,Cycle;Transformation;Transport,5
nh4ToSurfaceWaterAquacultureSystems,"NH4, to surface water, aquaculture systems",false,,,,,,,,,,,,,,,false,nh4ToSurfaceWaterInputsProduction,all,,,0.23,0.23,0.23,,,,,,,,,,,,,,,,,,,,,0.33,all,liveAquaticSpecies,Scope 1,pond;river or stream;lake;sea or ocean,,,,,,Cycle,5
nh4ToSurfaceWaterInputsProduction,"NH4, to surface water, inputs production",false,,,,,,,,,,,,,,,false,nh4ToSurfaceWaterInputsProduction,all,,,0.23,0.23,0.23,,,,,,,,,,,,,,,,,,,,,0.33,all,all,Scope 2/3,all,,,,,,Cycle;Transformation;Transport,5
nh4ToGroundwaterWasteTreatment,"NH4, to groundwater, waste treatment",false,,,,,,,,,,,,,,,false,nh4ToGroundwaterInputsProduction,all,,,0.23,0.23,0.23,,,,,,,,,,,,,,,,,,,,,0.33,all,all,Scope 1,all,,,,,,Cycle;Transformation,5
nitriteToWaterIndustrialProcesses,"Nitrite, to water, industrial processes",false,,,,,,,,,,,,,,,false,nitriteToWaterInputsProduction,all,,,,,,,,,,,,,,,,,,,,,,,,,,,all,all,Scope 2/3,agri-food processor,,,,,,Cycle,5
nitriteToWaterInputsProduction,"Nitrite, to water, inputs production",false,,,,,,,,,,,,,,,false,nitriteToWaterInputsProduction,all,,,,,,,,,,,,,,,,,,,,,,,,,,,all,all,Scope 2/3,all,,,,,,Cycle,5
nitriteToAirIndustrialProcesses,"Nitrite, to air, industrial processes",false,,,,,,,,,,,,,,,false,nitriteToAirInputsProduction,all,,,,,,,,,,,,,,,,,,,,,,,,,,,all,all,Scope 2/3,agri-food processor,,,,,,Cycle,5
nitriteToAirInputsProduction,"Nitrite, to air, inputs production",false,,,,,,,,,,,,,,,false,nitriteToAirInputsProduction,all,,,,,,,,,,,,,,,,,,,,,,,,,,,all,all,Scope 2/3,all,,,,,,Cycle,5
nmvocToAirAnimalHousing,"NMVOC, to air, animal housing",false,,,,,,,,,,,,,,,false,nmvocToAirInputsProduction,all,,,,,,0.29,0.18,0.29,0.18,0.29,0.18,,,,,,,,,,,,,,,,all,liveAnimal,Scope 1,animal housing,,,,,,Cycle,5
nmvocToAirExcreta,"NMVOC, to air, excreta",true,,,,,,,,,,,,,,,false,nmvocToAirInputsProduction,excreta,,,,,,0.29,0.18,0.29,0.18,0.29,0.18,,,,,,,,,,,,,,,,all,all,Scope 1,cropland;permanent pasture;animal housing;pond;river or stream;lake;sea or ocean,,,,,,Cycle;Transformation,5
nmvocToAirFuelCombustion,"NMVOC, to air, fuel combustion",false,,,,,,,,,,,,,,,false,nmvocToAirInputsProduction,all,,,,,,0.29,0.18,0.29,0.18,0.29,0.18,,,,,,,,,,,,,,,,all,all,Scope 1,all,,,,,,Cycle;Transformation;Transport,5
nmvocToAirInputsProduction,"NMVOC, to air, inputs production",false,,,,,,,,,,,,,,,false,nmvocToAirInputsProduction,all,,,,,,0.29,0.18,0.29,0.18,0.29,0.18,,,,,,,,,,,,,,,,all,all,Scope 2/3,all,,,,,,Cycle;Transformation;Transport,5
nmvocToAirSilageFeeding,"NMVOC, to air, silage feeding",false,,,,,,,,,,,,,,,false,nmvocToAirInputsProduction,all,,,,,,0.29,0.18,0.29,0.18,0.29,0.18,,,,,,,,,,,,,,,,all,liveAnimal,Scope 1,cropland;permanent pasture;animal housing,,,,,,Cycle,5
nmvocToAirSilageStorage,"NMVOC, to air, silage storage",false,,,,,,,,,,,,,,,false,nmvocToAirInputsProduction,all,,,,,,0.29,0.18,0.29,0.18,0.29,0.18,,,,,,,,,,,,,,,,all,all,Scope 1,cropland;permanent pasture;animal housing,,,,,,Cycle,5
nmvocToAirWasteTreatment,"NMVOC, to air, waste treatment",false,,,,,,,,,,,,,,,false,nmvocToAirInputsProduction,all,,,,,,0.29,0.18,0.29,0.18,0.29,0.18,,,,,,,,,,,,,,,,all,all,Scope 1,all,,,,,,Cycle;Transformation,5
noToAirAquacultureSystems,"NO, to air, aquaculture systems",false,,,,,,,,,,,,,,,false,noToAirInputsProduction,all,,,0.14,0.14,0.14,1.53,1.53,1.53,1.53,1.53,1.53,1.84,,,,,,,,,,,0.17,0.17,,0.2,all,liveAquaticSpecies,Scope 1,pond;river or stream;lake;sea or ocean,0.552,0.552,0.552,1.07,0.76,Cycle,5
noToAirCropResidueBurning,"NO, to air, crop residue burning",false,,,,,,,,,,,,,,,false,noToAirInputsProduction,all,,,0.14,0.14,0.14,1.53,1.53,1.53,1.53,1.53,1.53,1.84,,,,,,,,,,,0.17,0.17,,0.2,all,all,Scope 1,cropland;glass or high accessible cover,0.552,0.552,0.552,1.07,0.76,Cycle,5
noToAirCropResidueDecomposition,"NO, to air, crop residue decomposition",false,,,,,,,,,,,,,,,false,noToAirInputsProduction,all,,,0.14,0.14,0.14,1.53,1.53,1.53,1.53,1.53,1.53,1.84,,,,,,,,,,,0.17,0.17,,0.2,all,all,Scope 1,cropland;glass or high accessible cover,0.552,0.552,0.552,1.07,0.76,Cycle,5
noToAirExcreta,"NO, to air, excreta",true,,,,,,,,,,,,,,,false,noToAirInputsProduction,excreta,,,0.14,0.14,0.14,1.53,1.53,1.53,1.53,1.53,1.53,1.84,,,,,,,,,,,0.17,0.17,,0.2,all,all,Scope 1,cropland;permanent pasture;animal housing;pond;river or stream;lake;sea or ocean,0.552,0.552,0.552,1.07,0.76,Cycle;Transformation,5
noToAirIndustrialProcesses,"NO, to air, industrial processes",false,,,,,,,,,,,,,,,false,noToAirInputsProduction,all,,,0.14,0.14,0.14,1.53,1.53,1.53,1.53,1.53,1.53,1.84,,,,,,,,,,,0.17,0.17,,0.2,all,all,Scope 2/3,agri-food processor,0.552,0.552,0.552,1.07,0.76,Cycle;Transformation;Transport,5
noToAirInorganicFertiliser,"NO, to air, inorganic fertiliser",false,,,,,,,,,,,,,,,false,noToAirInputsProduction,all,,,0.14,0.14,0.14,1.53,1.53,1.53,1.53,1.53,1.53,1.84,,,,,,,,,,,0.17,0.17,,0.2,all,all,Scope 1,cropland;glass or high accessible cover;permanent pasture,0.552,0.552,0.552,1.07,0.76,Cycle,5
noToAirInputsProduction,"NO, to air, inputs production",false,,,,,,,,,,,,,,,false,noToAirInputsProduction,all,,,0.14,0.14,0.14,1.53,1.53,1.53,1.53,1.53,1.53,1.84,,,,,,,,,,,0.17,0.17,,0.2,all,all,Scope 2/3,all,0.552,0.552,0.552,1.07,0.76,Cycle;Transformation;Transport,5
noToAirOrganicFertiliser,"NO, to air, organic fertiliser",false,,,,,,,,,,,,,,,false,noToAirInputsProduction,all,,,0.14,0.14,0.14,1.53,1.53,1.53,1.53,1.53,1.53,1.84,,,,,,,,,,,0.17,0.17,,0.2,all,all,Scope 1,cropland;glass or high accessible cover;permanent pasture,0.552,0.552,0.552,1.07,0.76,Cycle,5
noToAirSoilFlux,"NO, to air, soil flux",false,,,,,,,,,,,,,,,false,noToAirInputsProduction,all,,,0.14,0.14,0.14,1.53,1.53,1.53,1.53,1.53,1.53,1.84,,,,,,,,,,,0.17,0.17,,0.2,all,all,Scope 1,forest;other natural vegetation;cropland;glass or high accessible cover;permanent pasture,0.552,0.552,0.552,1.07,0.76,Cycle,5
noToAirWasteTreatment,"NO, to air, waste treatment",false,,,,,,,,,,,,,,,false,noToAirInputsProduction,all,,,0.14,0.14,0.14,1.53,1.53,1.53,1.53,1.53,1.53,1.84,,,,,,,,,,,0.17,0.17,,0.2,all,all,Scope 1,all,0.552,0.552,0.552,1.07,0.76,Cycle;Transformation,5
no2ToAirIndustrialProcesses,"NO2, to air, industrial processes",false,,,,,,,,,,,,,,,false,no2ToAirInputsProduction,all,,,,,,,,,,,,,,,,,,,,,,,,,,,all,all,Scope 2/3,agri-food processor,,,,,,Cycle,5
no2ToAirInputsProduction,"NO2, to air, inputs production",false,,,,,,,,,,,,,,,false,no2ToAirInputsProduction,all,,,,,,,,,,,,,,,,,,,,,,,,,,,all,all,Scope 2/3,all,,,,,,Cycle,5
no3ToAirIndustrialProcesses,"NO3, to air, industrial processes",false,,,,,,,,,,,,,,,false,no3ToAirInputsProduction,all,,,,,,,,,,,,,,,,,,,,,,,,,,,all,all,Scope 2/3,agri-food processor,,,,,,Cycle,5
no3ToAirInputsProduction,"NO3, to air, inputs production",false,,,,,,,,,,,,,,,false,no3ToAirInputsProduction,all,,,,,,,,,,,,,,,,,,,,,,,,,,,all,all,Scope 2/3,all,,,,,,Cycle,5
no3ToGroundwaterCropResidueDecomposition,"NO3, to groundwater, crop residue decomposition",false,,,,,,,,,,,,,,,true,no3ToGroundwaterInputsProduction,all,,,0.07,0.07,0.07,,,,,,,,,,,,,,,,,,,,,0.1,all,all,Scope 1,cropland;glass or high accessible cover,0.27,0.27,0.27,,,Cycle,5
no3ToGroundwaterExcreta,"NO3, to groundwater, excreta",true,,,,,,,,,,,,,,,true,no3ToGroundwaterInputsProduction,excreta,,,0.07,0.07,0.07,,,,,,,,,,,,,,,,,,,,,0.1,all,all,Scope 1,cropland;permanent pasture;animal housing;pond;river or stream;lake;sea or ocean,0.27,0.27,0.27,,,Cycle;Transformation,5
no3ToGroundwaterIndustrialProcesses,"NO3, to groundwater, industrial processes",false,,,,,,,,,,,,,,,false,no3ToGroundwaterInputsProduction,all,,,0.07,0.07,0.07,,,,,,,,,,,,,,,,,,,,,0.1,all,all,Scope 2/3,agri-food processor,0.27,0.27,0.27,,,Cycle;Transformation;Transport,5
no3ToGroundwaterInorganicFertiliser,"NO3, to groundwater, inorganic fertiliser",false,,,,,,,,,,,,,,,true,no3ToGroundwaterInputsProduction,all,,,0.07,0.07,0.07,,,,,,,,,,,,,,,,,,,,,0.1,all,all,Scope 1,cropland;glass or high accessible cover;permanent pasture,0.27,0.27,0.27,,,Cycle,5
no3ToGroundwaterInputsProduction,"NO3, to groundwater, inputs production",false,,,,,,,,,,,,,,,true,no3ToGroundwaterInputsProduction,all,,,0.07,0.07,0.07,,,,,,,,,,,,,,,,,,,,,0.1,all,all,Scope 2/3,all,0.27,0.27,0.27,,,Cycle;Transformation;Transport,5
no3ToGroundwaterOrganicFertiliser,"NO3, to groundwater, organic fertiliser",false,,,,,,,,,,,,,,,true,no3ToGroundwaterInputsProduction,all,,,0.07,0.07,0.07,,,,,,,,,,,,,,,,,,,,,0.1,all,all,Scope 1,cropland;glass or high accessible cover;permanent pasture,0.27,0.27,0.27,,,Cycle,5
no3ToGroundwaterSoilFlux,"NO3, to groundwater, soil flux",false,,,,,,,,,,,,,,,false,no3ToGroundwaterInputsProduction,all,,,0.07,0.07,0.07,,,,,,,,,,,,,,,,,,,,,0.1,all,all,Scope 1,forest;other natural vegetation;cropland;glass or high accessible cover;permanent pasture,0.27,0.27,0.27,,,Cycle,5
no3ToGroundwaterWasteTreatment,"NO3, to groundwater, waste treatment",false,,,,,,,,,,,,,,,false,no3ToGroundwaterInputsProduction,all,,,0.07,0.07,0.07,,,,,,,,,,,,,,,,,,,,,0.1,all,all,Scope 1,all,0.27,0.27,0.27,,,Cycle;Transformation,5
no3ToSurfaceWaterAquacultureSystems,"NO3, to surface water, aquaculture systems",false,,,,,,,,,,,,,,,true,no3ToSurfaceWaterInputsProduction,all,,,0.07,0.07,0.07,,,,,,,,,,,,,,,,,,,,,0.1,all,liveAquaticSpecies,Scope 1,pond;river or stream;lake;sea or ocean,0.27,0.27,0.27,,,Cycle,5
no3ToSurfaceWaterExcreta,"NO3, to surface water, excreta",true,,,,,,,,,,,,,,,false,no3ToSurfaceWaterInputsProduction,excreta,,,0.07,0.07,0.07,,,,,,,,,,,,,,,,,,,,,0.1,all,all,Scope 1,cropland;permanent pasture;animal housing;pond;river or stream;lake;sea or ocean,0.27,0.27,0.27,,,Cycle;Transformation,5
no3ToSurfaceWaterIndustrialProcesses,"NO3, to surface water, industrial processes",false,,,,,,,,,,,,,,,false,no3ToSurfaceWaterInputsProduction,all,,,0.07,0.07,0.07,,,,,,,,,,,,,,,,,,,,,0.1,all,all,Scope 2/3,agri-food processor,0.27,0.27,0.27,,,Cycle;Transformation;Transport,5
no3ToSurfaceWaterInputsProduction,"NO3, to surface water, inputs production",false,,,,,,,,,,,,,,,false,no3ToSurfaceWaterInputsProduction,all,,,0.07,0.07,0.07,,,,,,,,,,,,,,,,,,,,,0.1,all,all,Scope 2/3,all,0.27,0.27,0.27,,,Cycle;Transformation;Transport,5
noxToAirAquacultureSystems,"NOx, to air, aquaculture systems",false,,,,,,,,,,,,,,,true,noxToAirInputsProduction,all,,,0.09,0.09,0.09,1,1,1,1,1,1,1.2,,,,,,,,,,,0.11,0.11,,0.13,all,liveAquaticSpecies,Scope 1,pond;river or stream;lake;sea or ocean,0.36,0.36,0.36,0.7,0.5,Cycle,5
noxToAirCropResidueBurning,"NOx, to air, crop residue burning",false,,,,,,,,,,,,,,,true,noxToAirInputsProduction,all,,,0.09,0.09,0.09,1,1,1,1,1,1,1.2,,,,,,,,,,,0.11,0.11,,0.13,all,all,Scope 1,cropland;glass or high accessible cover,0.36,0.36,0.36,0.7,0.5,Cycle,5
noxToAirCropResidueDecomposition,"NOx, to air, crop residue decomposition",false,,,,,,,,,,,,,,,true,noxToAirInputsProduction,all,,,0.09,0.09,0.09,1,1,1,1,1,1,1.2,,,,,,,,,,,0.11,0.11,,0.13,all,all,Scope 1,cropland;glass or high accessible cover,0.36,0.36,0.36,0.7,0.5,Cycle,5
noxToAirExcreta,"NOx, to air, excreta",true,,,,,,,,,,,,,,,true,noxToAirInputsProduction,excreta,,,0.09,0.09,0.09,1,1,1,1,1,1,1.2,,,,,,,,,,,0.11,0.11,,0.13,all,all,Scope 1,cropland;permanent pasture;animal housing;pond;river or stream;lake;sea or ocean,0.36,0.36,0.36,0.7,0.5,Cycle;Transformation,5
noxToAirFuelCombustion,"NOx, to air, fuel combustion",false,,,,,,,,,,,,,,,true,noxToAirInputsProduction,all,,,0.09,0.09,0.09,1,1,1,1,1,1,1.2,,,,,,,,,,,0.11,0.11,,0.13,all,all,Scope 1,all,0.36,0.36,0.36,0.7,0.5,Cycle;Transformation;Transport,5
noxToAirIndustrialProcesses,"NOx, to air, industrial processes",false,,,,,,,,,,,,,,,false,noxToAirInputsProduction,all,,,0.09,0.09,0.09,1,1,1,1,1,1,1.2,,,,,,,,,,,0.11,0.11,,0.13,all,all,Scope 2/3,agri-food processor,0.36,0.36,0.36,0.7,0.5,Cycle;Transformation;Transport,5
noxToAirInorganicFertiliser,"NOx, to air, inorganic fertiliser",false,,,,,,,,,,,,,,,true,noxToAirInputsProduction,all,,,0.09,0.09,0.09,1,1,1,1,1,1,1.2,,,,,,,,,,,0.11,0.11,,0.13,all,all,Scope 1,cropland;glass or high accessible cover;permanent pasture,0.36,0.36,0.36,0.7,0.5,Cycle,5
noxToAirInputsProduction,"NOx, to air, inputs production",false,,,,,,,,,,,,,,,true,noxToAirInputsProduction,all,,,0.09,0.09,0.09,1,1,1,1,1,1,1.2,,,,,,,,,,,0.11,0.11,,0.13,all,all,Scope 2/3,all,0.36,0.36,0.36,0.7,0.5,Cycle;Transformation;Transport,5
noxToAirNaturalVegetationBurning,"NOx, to air, natural vegetation burning",false,,,,,,,,,,,,,,,false,noxToAirInputsProduction,all,,,0.09,0.09,0.09,1,1,1,1,1,1,1.2,,,,,,,,,,,0.11,0.11,,0.13,all,all,Scope 1,forest;other natural vegetation;cropland;permanent pasture,0.36,0.36,0.36,0.7,0.5,Cycle,5
noxToAirOrganicFertiliser,"NOx, to air, organic fertiliser",false,,,,,,,,,,,,,,,true,noxToAirInputsProduction,all,,,0.09,0.09,0.09,1,1,1,1,1,1,1.2,,,,,,,,,,,0.11,0.11,,0.13,all,all,Scope 1,cropland;glass or high accessible cover;permanent pasture,0.36,0.36,0.36,0.7,0.5,Cycle,5
noxToAirOrganicSoilBurning,"NOx, to air, organic soil burning",false,,,,,,,,,,,,,,,false,noxToAirInputsProduction,all,,,0.09,0.09,0.09,1,1,1,1,1,1,1.2,,,,,,,,,,,0.11,0.11,,0.13,all,all,Scope 1,forest;other natural vegetation;cropland;glass or high accessible cover;permanent pasture,0.36,0.36,0.36,0.7,0.5,Cycle,5
noxToAirOrganicSoilCultivation,"NOx, to air, organic soil cultivation",false,,,,,,,,,,,,,,,false,noxToAirInputsProduction,all,,,0.09,0.09,0.09,1,1,1,1,1,1,1.2,,,,,,,,,,,0.11,0.11,,0.13,all,all,Scope 1,forest;other natural vegetation;cropland;glass or high accessible cover;permanent pasture,0.36,0.36,0.36,0.7,0.5,Cycle,5
noxToAirSoilFlux,"NOx, to air, soil flux",false,,,,,,,,,,,,,,,false,noxToAirInputsProduction,all,,,0.09,0.09,0.09,1,1,1,1,1,1,1.2,,,,,,,,,,,0.11,0.11,,0.13,all,all,Scope 1,forest;other natural vegetation;cropland;glass or high accessible cover;permanent pasture,0.36,0.36,0.36,0.7,0.5,Cycle,5
noxToAirWasteTreatment,"NOx, to air, waste treatment",false,,,,,,,,,,,,,,,false,noxToAirInputsProduction,all,,,0.09,0.09,0.09,1,1,1,1,1,1,1.2,,,,,,,,,,,0.11,0.11,,0.13,all,all,Scope 1,all,0.36,0.36,0.36,0.7,0.5,Cycle;Transformation,5
pErosionInputsProduction,"P, erosion, inputs production",false,,,,,,,,,,,,,,,true,pErosionInputsProduction,all,,,,,,,,,,,,,,1,1,1,,,,,,,,,,3.06,all,all,Scope 2/3,all,,,,,,Cycle;Transformation;Transport,5
pErosionSoilFlux,"P, erosion, soil flux",false,,,,,,,,,,,,,,,false,pErosionInputsProduction,all,,,,,,,,,,,,,,1,1,1,,,,,,,,,,3.06,all,all,Scope 1,forest;other natural vegetation;cropland;glass or high accessible cover;permanent pasture,,,,,,Cycle,5
pToDrainageWaterIndustrialProcesses,"P, to drainage water, industrial processes",false,,,,,,,,,,,,,,,false,pToDrainageWaterInputsProduction,all,,,,,,,,,,,,,,1,1,1,,,,,,,,,,3.06,all,all,Scope 2/3,agri-food processor,,,,,,Cycle;Transformation;Transport,5
pToDrainageWaterInputsProduction,"P, to drainage water, inputs production",false,,,,,,,,,,,,,,,true,pToDrainageWaterInputsProduction,all,,,,,,,,,,,,,,1,1,1,,,,,,,,,,3.06,all,all,Scope 2/3,all,,,,,,Cycle;Transformation;Transport,5
pToDrainageWaterSoilFlux,"P, to drainage water, soil flux",false,,,,,,,,,,,,,,,false,pToDrainageWaterInputsProduction,all,,,,,,,,,,,,,,1,1,1,,,,,,,,,,3.06,all,all,Scope 1,forest;other natural vegetation;cropland;glass or high accessible cover;permanent pasture,,,,,,Cycle,5
pToGroundwaterIndustrialProcesses,"P, to groundwater, industrial processes",false,,,,,,,,,,,,,,,false,pToGroundwaterInputsProduction,all,,,,,,,,,,,,,,1,1,1,,,,,,,,,,3.06,all,all,Scope 2/3,agri-food processor,,,,,,Cycle;Transformation;Transport,5
pToGroundwaterInputsProduction,"P, to groundwater, inputs production",false,,,,,,,,,,,,,,,true,pToGroundwaterInputsProduction,all,,,,,,,,,,,,,,1,1,1,,,,,,,,,,3.06,all,all,Scope 2/3,all,,,,,,Cycle;Transformation;Transport,5
pToGroundwaterSoilFlux,"P, to groundwater, soil flux",false,,,,,,,,,,,,,,,false,pToGroundwaterInputsProduction,all,,,,,,,,,,,,,,1,1,1,,,,,,,,,,3.06,all,all,Scope 1,forest;other natural vegetation;cropland;glass or high accessible cover;permanent pasture,,,,,,Cycle,5
pToSurfaceWaterSoilFlux,"P, to surface water, soil flux",false,,,,,,,,,,,,,,,false,pToSurfaceWaterInputsProduction,all,,,,,,,,,,,,,,1,1,1,,,,,,,,,,3.06,all,all,Scope 1,forest;other natural vegetation;cropland;glass or high accessible cover;permanent pasture,,,,,,Cycle,5
pToSurfaceWaterAquacultureSystems,"P, to surface water, aquaculture systems",false,,,,,,,,,,,,,,,true,pToSurfaceWaterInputsProduction,all,,,,,,,,,,,,,,1,1,1,,,,,,,,,,3.06,all,liveAquaticSpecies,Scope 1,pond;river or stream;lake;sea or ocean,,,,,,Cycle,5
pToSurfaceWaterExcreta,"P, to surface water, excreta",true,,,,,,,,,,,,,,,false,pToSurfaceWaterInputsProduction,excreta,,,,,,,,,,,,,,1,1,1,,,,,,,,,,3.06,all,all,Scope 1,cropland;permanent pasture;animal housing;pond;river or stream;lake;sea or ocean,,,,,,Cycle;Transformation,5
pToSurfaceWaterIndustrialProcesses,"P, to surface water, industrial processes",false,,,,,,,,,,,,,,,false,pToSurfaceWaterInputsProduction,all,,,,,,,,,,,,,,1,1,1,,,,,,,,,,3.06,all,all,Scope 2/3,agri-food processor,,,,,,Cycle;Transformation;Transport,5
pToSurfaceWaterInputsProduction,"P, to surface water, inputs production",false,,,,,,,,,,,,,,,true,pToSurfaceWaterInputsProduction,all,,,,,,,,,,,,,,1,1,1,,,,,,,,,,3.06,all,all,Scope 2/3,all,,,,,,Cycle;Transformation;Transport,5
pm10ToAirAnimalHousing,"PM10, to air, animal housing",false,,,,,,,,,,,,,,,false,pm10ToAirInputsProduction,all,,,,,,,,,,,,,,,,,,,,,,,,,,,all,liveAnimal,Scope 1,animal housing,,,,,,Cycle,5
pm10ToAirFuelCombustion,"PM10, to air, fuel combustion",false,,,,,,,,,,,,,,,false,pm10ToAirInputsProduction,all,,,,,,,,,,,,,,,,,,,,,,,,,,,all,all,Scope 1,all,,,,,,Cycle;Transformation;Transport,5
pm10ToAirCropResidueBurning,"PM10, to air, crop residue burning",false,,,,,,,,,,,,,,,false,pm10ToAirInputsProduction,all,,,,,,,,,,,,,,,,,,,,,,,,,,,all,all,Scope 1,cropland;glass or high accessible cover,,,,,,Cycle,5
pm10ToAirIndustrialProcesses,"PM10, to air, industrial processes",false,,,,,,,,,,,,,,,false,pm10ToAirInputsProduction,all,,,,,,,,,,,,,,,,,,,,,,,,,,,all,all,Scope 2/3,agri-food processor,,,,,,Cycle;Transformation;Transport,5
pm10ToAirInputsProduction,"PM10, to air, inputs production",false,,,,,,,,,,,,,,,false,pm10ToAirInputsProduction,all,,,,,,,,,,,,,,,,,,,,,,,,,,,all,all,Scope 2/3,all,,,,,,Cycle;Transformation;Transport,5
pm25ToAirAnimalHousing,"PM2.5, to air, animal housing",false,,,,,,,,,,,,,,,false,pm25ToAirInputsProduction,all,,,,,,,,,,,,,,,,,,,,,,,1,1,1,,all,liveAnimal,Scope 1,animal housing,,,,,,Cycle,5
pm25ToAirFuelCombustion,"PM2.5, to air, fuel combustion",false,,,,,,,,,,,,,,,false,pm25ToAirInputsProduction,all,,,,,,,,,,,,,,,,,,,,,,,1,1,1,,all,all,Scope 1,all,,,,,,Cycle;Transformation;Transport,5
pm25ToAirCropResidueBurning,"PM2.5, to air, crop residue burning",false,,,,,,,,,,,,,,,false,pm25ToAirInputsProduction,all,,,,,,,,,,,,,,,,,,,,,,,1,1,1,,all,all,Scope 1,cropland;glass or high accessible cover,,,,,,Cycle,5
pm25ToAirIndustrialProcesses,"PM2.5, to air, industrial processes",false,,,,,,,,,,,,,,,false,pm25ToAirInputsProduction,all,,,,,,,,,,,,,,,,,,,,,,,1,1,1,,all,all,Scope 2/3,agri-food processor,,,,,,Cycle;Transformation;Transport,5
pm25ToAirInputsProduction,"PM2.5, to air, inputs production",false,,,,,,,,,,,,,,,false,pm25ToAirInputsProduction,all,,,,,,,,,,,,,,,,,,,,,,,1,1,1,,all,all,Scope 2/3,all,,,,,,Cycle;Transformation;Transport,5
pm0225ToAirIndustrialProcesses,"PM0.2-2.5, to air, industrial processes",false,,,,,,,,,,,,,,,false,pm0225ToAirInputsProduction,all,,,,,,,,,,,,,,,,,,,,,,,1,1,1,,all,all,Scope 2/3,agri-food processor,,,,,,Cycle;Transformation;Transport,5
pm0225ToAirInputsProduction,"PM0.2-2.5, to air, inputs production",false,,,,,,,,,,,,,,,false,pm0225ToAirInputsProduction,all,,,,,,,,,,,,,,,,,,,,,,,1,1,1,,all,all,Scope 2/3,all,,,,,,Cycle;Transformation;Transport,5
pm02ToAirIndustrialProcesses,"PM0.2, to air, industrial processes",false,,,,,,,,,,,,,,,false,pm02ToAirInputsProduction,all,,,,,,,,,,,,,,,,,,,,,,,1,1,1,,all,all,Scope 2/3,agri-food processor,,,,,,Cycle;Transformation;Transport,5
pm02ToAirInputsProduction,"PM0.2, to air, inputs production",false,,,,,,,,,,,,,,,false,pm02ToAirInputsProduction,all,,,,,,,,,,,,,,,,,,,,,,,1,1,1,,all,all,Scope 2/3,all,,,,,,Cycle;Transformation;Transport,5
po43ToGroundwaterInorganicFertiliser,"PO43-, to groundwater, inorganic fertiliser",false,,,,,,,,,,,,,,,false,po43ToGroundwaterInputsProduction,all,,,,,,,,,,,,,,0.33,0.33,0.33,,,,,,,,,,1,all,all,Scope 1,cropland;glass or high accessible cover;permanent pasture,,,,,,Cycle,5
po43ToGroundwaterOrganicFertiliser,"PO43-, to groundwater, organic fertiliser",false,,,,,,,,,,,,,,,false,po43ToGroundwaterInputsProduction,all,,,,,,,,,,,,,,0.33,0.33,0.33,,,,,,,,,,1,all,all,Scope 1,cropland;glass or high accessible cover;permanent pasture,,,,,,Cycle,5
po43ToGroundwaterSoilFlux,"PO43-, to groundwater, soil flux",false,,,,,,,,,,,,,,,false,po43ToGroundwaterInputsProduction,all,,,,,,,,,,,,,,0.33,0.33,0.33,,,,,,,,,,1,all,all,Scope 1,forest;other natural vegetation;cropland;glass or high accessible cover;permanent pasture,,,,,,Cycle,5
po43ToGroundwaterIndustrialProcesses,"PO43-, to groundwater, industrial processes",false,,,,,,,,,,,,,,,false,po43ToGroundwaterInputsProduction,all,,,,,,,,,,,,,,0.33,0.33,0.33,,,,,,,,,,1,all,all,Scope 2/3,agri-food processor,,,,,,Cycle,5
po43ToGroundwaterInputsProduction,"PO43-, to groundwater, inputs production",false,,,,,,,,,,,,,,,false,po43ToGroundwaterInputsProduction,all,,,,,,,,,,,,,,0.33,0.33,0.33,,,,,,,,,,1,all,all,Scope 2/3,all,,,,,,Cycle,5
po43ToSurfaceWaterInorganicFertiliser,"PO43-, to surface water, inorganic fertiliser",false,,,,,,,,,,,,,,,false,po43ToSurfaceWaterInputsProduction,all,,,,,,,,,,,,,,0.33,0.33,0.33,,,,,,,,,,1,all,all,Scope 1,cropland;glass or high accessible cover;permanent pasture,,,,,,Cycle,5
po43ToSurfaceWaterOrganicFertiliser,"PO43-, to surface water, organic fertiliser",false,,,,,,,,,,,,,,,false,po43ToSurfaceWaterInputsProduction,all,,,,,,,,,,,,,,0.33,0.33,0.33,,,,,,,,,,1,all,all,Scope 1,cropland;glass or high accessible cover;glass or high accessible cover;permanent pasture,,,,,,Cycle,5
po43ToSurfaceWaterAquacultureSystems,"PO43-, to surface water, aquaculture systems",false,,,,,,,,,,,,,,,false,po43ToSurfaceWaterInputsProduction,all,,,,,,,,,,,,,,0.33,0.33,0.33,,,,,,,,,,1,all,liveAquaticSpecies,Scope 1,pond;river or stream;lake;sea or ocean,,,,,,Cycle,5
po43ToSurfaceWaterSoilFlux,"PO43-, to surface water, soil flux",false,,,,,,,,,,,,,,,false,po43ToSurfaceWaterInputsProduction,all,,,,,,,,,,,,,,0.33,0.33,0.33,,,,,,,,,,1,all,all,Scope 1,forest;other natural vegetation;cropland;glass or high accessible cover;permanent pasture,,,,,,Cycle,5
po43ToSurfaceWaterIndustrialProcesses,"PO43-, to surface water, industrial processes",false,,,,,,,,,,,,,,,false,po43ToSurfaceWaterInputsProduction,all,,,,,,,,,,,,,,0.33,0.33,0.33,,,,,,,,,,1,all,all,Scope 2/3,agri-food processor,,,,,,Cycle;Transformation;Transport,5
po43ToSurfaceWaterInputsProduction,"PO43-, to surface water, inputs production",false,,,,,,,,,,,,,,,false,po43ToSurfaceWaterInputsProduction,all,,,,,,,,,,,,,,0.33,0.33,0.33,,,,,,,,,,1,all,all,Scope 2/3,all,,,,,,Cycle;Transformation;Transport,5
sf6ToAirIndustrialProcesses,"SF6, to air, industrial processes",false,0,0,0,23500,26087,25200,,,0.430167930079864,,0.0100550890756848,,,,false,sf6ToAirInputsProduction,all,Emissions (non-land),Process emissions,,,,,,,,,,,,,,,,4.13560279007937e-11,1.67420702789481e-10,5.38657913322678e-10,4.13560279007937e-11,5.38657913322678e-10,,,,,all,all,Scope 1,agri-food processor,,,,,,Cycle;Transformation,5
sf6ToAirInputsProduction,"SF6, to air, inputs production",false,0,0,0,23500,26087,25200,,,0.430167930079864,,0.0100550890756848,,,,false,sf6ToAirInputsProduction,all,Emissions (non-land),,,,,,,,,,,,,,,,,4.13560279007937e-11,1.67420702789481e-10,5.38657913322678e-10,4.13560279007937e-11,5.38657913322678e-10,,,,,all,all,Scope 2/3,all,,,,,,Cycle;Transformation;Transport,5
so2ToAirFuelCombustion,"SO2, to air, fuel combustion",false,,,,,,,,,,,,,,,true,so2ToAirInputsProduction,all,,,,,,,,,,,,,,,,,,,,,,,0.29,0.29,,,all,all,Scope 1,all,1,1,1,1,1.2,Cycle;Transformation;Transport,5
so2ToAirIndustrialProcesses,"SO2, to air, industrial processes",false,,,,,,,,,,,,,,,false,so2ToAirInputsProduction,all,,,,,,,,,,,,,,,,,,,,,,,0.29,0.29,,,all,all,Scope 2/3,agri-food processor,1,1,1,1,1.2,Cycle;Transformation;Transport,5
so2ToAirInputsProduction,"SO2, to air, inputs production",false,,,,,,,,,,,,,,,true,so2ToAirInputsProduction,all,,,,,,,,,,,,,,,,,,,,,,,0.29,0.29,,,all,all,Scope 2/3,all,1,1,1,1,1.2,Cycle;Transformation;Transport,5
so2ToAirCropResidueBurning,"SO2, to air, crop residue burning",false,,,,,,,,,,,,,,,false,so2ToAirInputsProduction,all,,,,,,,,,,,,,,,,,,,,,,,0.29,0.29,,,all,all,Scope 1,cropland;glass or high accessible cover,1,1,1,1,1.2,Cycle,5
so3ToAirIndustrialProcesses,"SO3, to air, industrial processes",false,,,,,,,,,,,,,,,false,so3ToAirInputsProduction,all,,,,,,,,,,,,,,,,,,,,,,,,,,,all,all,Scope 2/3,agri-food processor,,,,,,Cycle,5
so3ToAirInputsProduction,"SO3, to air, inputs production",false,,,,,,,,,,,,,,,false,so3ToAirInputsProduction,all,,,,,,,,,,,,,,,,,,,,,,,,,,,all,all,Scope 2/3,all,,,,,,Cycle,5
soxToAirFuelCombustion,"SOx, to air, fuel combustion",false,,,,,,,,,,,,,,,false,soxToAirInputsProduction,all,,,,,,,,,,,,,,,,,,,,,,,0.29,0.29,,,all,all,Scope 1,all,1,1,1,1,1.2,Cycle;Transformation;Transport,5
soxToAirIndustrialProcesses,"SOx, to air, industrial processes",false,,,,,,,,,,,,,,,false,soxToAirInputsProduction,all,,,,,,,,,,,,,,,,,,,,,,,0.29,0.29,,,all,all,Scope 2/3,agri-food processor,1,1,1,1,1.2,Cycle;Transformation;Transport,5
soxToAirInputsProduction,"SOx, to air, inputs production",false,,,,,,,,,,,,,,,false,soxToAirInputsProduction,all,,,,,,,,,,,,,,,,,,,,,,,0.29,0.29,,,all,all,Scope 2/3,all,1,1,1,1,1.2,Cycle;Transformation;Transport,5
soxToAirCropResidueBurning,"SOx, to air, crop residue burning",false,,,,,,,,,,,,,,,false,soxToAirInputsProduction,all,,,,,,,,,,,,,,,,,,,,,,,0.29,0.29,,,all,all,Scope 1,cropland;glass or high accessible cover,1,1,1,1,1.2,Cycle,5
tspToAirAnimalHousing,"TSP, to air, animal housing",false,,,,,,,,,,,,,,,false,tspToAirInputsProduction,all,,,,,,,,,,,,,,,,,,,,,,,,,,,all,liveAnimal,Scope 1,animal housing,,,,,,Cycle,5
tspToAirFuelCombustion,"TSP, to air, fuel combustion",false,,,,,,,,,,,,,,,false,tspToAirInputsProduction,all,,,,,,,,,,,,,,,,,,,,,,,,,,,all,all,Scope 1,all,,,,,,Cycle;Transformation;Transport,5
tspToAirIndustrialProcesses,"TSP, to air, industrial processes",false,,,,,,,,,,,,,,,false,tspToAirInputsProduction,all,,,,,,,,,,,,,,,,,,,,,,,,,,,all,all,Scope 2/3,agri-food processor,,,,,,Cycle;Transformation;Transport,5
tspToAirInputsProduction,"TSP, to air, inputs production",false,,,,,,,,,,,,,,,false,tspToAirInputsProduction,all,,,,,,,,,,,,,,,,,,,,,,,,,,,all,all,Scope 2/3,all,,,,,,Cycle;Transformation;Transport,5
trichlorofluoromethaneToAirIndustrialProcesses,"Trichlorofluoromethane, to air, industrial processes",false,,,,,,,,,,,,,,,false,trichlorofluoromethaneToAirInputsProduction,all,,,,,,,,,,,,,1,,,,,,,,,,,,,,all,all,Scope 2/3,agri-food processor,,,,,,Cycle,5
trichlorofluoromethaneToAirInputsProduction,"Trichlorofluoromethane, to air, inputs production",false,,,,,,,,,,,,,,,false,trichlorofluoromethaneToAirInputsProduction,all,,,,,,,,,,,,,1,,,,,,,,,,,,,,all,all,Scope 2/3,all,,,,,,Cycle,5
tefluraneToAirIndustrialProcesses,"Teflurane, to air, industrial processes",false,,,,,,,,,,,,,,,false,tefluraneToAirInputsProduction,all,,,,,,,,,,,,,0.25,,,,,,,,,,,,,,all,all,Scope 2/3,agri-food processor,,,,,,Cycle,5
tefluraneToAirInputsProduction,"Teflurane, to air, inputs production",false,,,,,,,,,,,,,,,false,tefluraneToAirInputsProduction,all,,,,,,,,,,,,,0.25,,,,,,,,,,,,,,all,all,Scope 2/3,all,,,,,,Cycle,5
pesticideToAirPesticideApplication,"Pesticide, to air, pesticide application",false,,,,,,,,,,,,,,,false,pesticideToAirInputsProduction,all,,,,,,,,,,,,,,,,,,,,,,,,,,,all,all,Scope 1,all,,,,,,Cycle,5
pesticideToAirInputsProduction,"Pesticide, to air, inputs production",false,,,,,,,,,,,,,,,false,pesticideToAirInputsProduction,all,,,,,,,,,,,,,,,,,,,,,,,,,,,all,all,Scope 2/3,all,,,,,,Cycle,5
pesticideToWaterPesticideApplication,"Pesticide, to water, pesticide application",false,,,,,,,,,,,,,,,false,pesticideToWaterInputsProduction,all,,,,,,,,,,,,,,,,,,,,,,,,,,,all,all,Scope 1,all,,,,,,Cycle,5
pesticideToWaterInputsProduction,"Pesticide, to water, inputs production",false,,,,,,,,,,,,,,,false,pesticideToWaterInputsProduction,all,,,,,,,,,,,,,,,,,,,,,,,,,,,all,all,Scope 2/3,all,,,,,,Cycle,5
pesticideToSoilPesticideApplication,"Pesticide, to soil, pesticide application",false,,,,,,,,,,,,,,,false,pesticideToSoilInputsProduction,all,,,,,,,,,,,,,,,,,,,,,,,,,,,all,all,Scope 1,all,,,,,,Cycle,5
pesticideToSoilInputsProduction,"Pesticide, to soil, inputs production",false,,,,,,,,,,,,,,,false,pesticideToSoilInputsProduction,all,,,,,,,,,,,,,,,,,,,,,,,,,,,all,all,Scope 2/3,all,,,,,,Cycle,5
pesticideToHarvestedCropPesticideApplication,"Pesticide, to harvested crop, pesticide application",false,,,,,,,,,,,,,,,false,pesticideToHarvestedCropInputsProduction,all,,,,,,,,,,,,,,,,,,,,,,,,,,,all,all,Scope 1,all,,,,,,Cycle,5
pesticideToHarvestedCropInputsProduction,"Pesticide, to harvested crop, inputs production",false,,,,,,,,,,,,,,,false,pesticideToHarvestedCropInputsProduction,all,,,,,,,,,,,,,,,,,,,,,,,,,,,all,all,Scope 2/3,all,,,,,,Cycle,5
ionisingCompondsToAirInputsProduction,"Ionising componds, to air, inputs production",false,,,,,,,,,,,,,,,false,ionisingCompondsToAirInputsProduction,all,,,,,,,,,,,,,,,,,,,,,,,,,,,all,all,Scope 2/3,all,,,,,,Cycle,5
ionisingCompondsToSaltwaterInputsProduction,"Ionising componds, to saltwater, inputs production",false,,,,,,,,,,,,,,,false,ionisingCompondsToAirInputsProduction,all,,,,,,,,,,,,,,,,,,,,,,,,,,,all,all,Scope 2/3,all,,,,,,Cycle,5
ionisingCompondsToWaterInputsProduction,"Ionising componds, to water, inputs production",false,,,,,,,,,,,,,,,false,ionisingCompondsToAirInputsProduction,all,,,,,,,,,,,,,,,,,,,,,,,,,,,all,all,Scope 2/3,all,,,,,,Cycle,5
